GRID_OID,NON_ANTHROPISED,ANTHROPISED,NON_ANTHROPISED_A,ANTHROPISED_A,TOTAL_A
289,840,52,0.941704036,0.058295964,1
290,175,17,0.911458333,0.088541667,1
300,136,116,0.53968254,0.46031746,1
301,2225,258,0.896093435,0.103906565,1
302,3468,223,0.939582769,0.060417231,1
303,3188,198,0.941523922,0.058476078,1
353,3212,590,0.844818517,0.155181483,1
354,6222,339,0.948331047,0.051668953,1
355,6491,70,0.989330895,0.010669105,1
356,6015,134,0.978207839,0.021792161,1
357,1308,198,0.868525896,0.131474104,1
402,182,59,0.755186722,0.244813278,1
403,3267,90,0.973190349,0.026809651,1
404,5285,170,0.96883593,0.03116407,1
405,5823,156,0.97390868,0.02609132,1
406,6506,55,0.991617132,0.008382868,1
407,6415,146,0.977747295,0.022252705,1
408,6469,92,0.985977747,0.014022253,1
409,6273,281,0.95712542,0.04287458,1
410,825,603,0.577731092,0.422268908,1
454,3004,47,0.984595215,0.015404785,1
455,6180,145,0.977075099,0.022924901,1
456,6410,151,0.976985216,0.023014784,1
457,6386,175,0.973327237,0.026672763,1
458,6457,104,0.984148758,0.015851242,1
459,6505,56,0.991464716,0.008535284,1
460,6527,34,0.994817863,0.005182137,1
461,6486,75,0.988568816,0.011431184,1
462,3414,773,0.815380941,0.184619059,1
504,3032,312,0.906698565,0.093301435,1
505,4641,232,0.952390724,0.047609276,1
506,6097,102,0.983545733,0.016454267,1
507,6511,50,0.99237921,0.00762079,1
508,6535,26,0.996037189,0.003962811,1
509,6500,61,0.990702637,0.009297363,1
510,6530,31,0.995275111,0.004724889,1
511,6530,31,0.995275111,0.004724889,1
512,6487,74,0.988721232,0.011278768,1
513,6522,39,0.994055784,0.005944216,1
514,6274,287,0.956256668,0.043743332,1
515,4742,1541,0.754734999,0.245265001,1
516,261,101,0.720994475,0.279005525,1
556,530,199,0.72702332,0.27297668,1
557,6239,245,0.962214682,0.037785318,1
558,6472,89,0.986434995,0.013565005,1
559,6532,29,0.995579942,0.004420058,1
560,6521,40,0.993903368,0.006096632,1
561,6510,51,0.992226795,0.007773205,1
562,6494,67,0.989788142,0.010211858,1
563,6537,24,0.996342021,0.003657979,1
564,6542,19,0.9971041,0.0028959,1
565,6534,27,0.995884774,0.004115226,1
566,6536,25,0.996189605,0.003810395,1
567,6487,74,0.988721232,0.011278768,1
568,6491,70,0.989330895,0.010669105,1
569,3197,263,0.923988439,0.076011561,1
571,856,125,0.872579001,0.127420999,1
572,1254,86,0.935820896,0.064179104,1
610,2216,369,0.857253385,0.142746615,1
611,3486,91,0.974559687,0.025440313,1
612,3494,307,0.919231781,0.080768219,1
613,5082,1161,0.814031716,0.185968284,1
614,3010,380,0.887905605,0.112094395,1
615,438,92,0.826415094,0.173584906,1
616,1300,83,0.939985539,0.060014461,1
617,1373,11,0.992052023,0.007947977,1
618,1566,24,0.98490566,0.01509434,1
619,3030,119,0.962210225,0.037789775,1
620,5637,114,0.98017736,0.01982264,1
621,4785,238,0.952617957,0.047382043,1
622,6100,348,0.946029777,0.053970223,1
623,2200,302,0.879296563,0.120703437,1
624,5530,512,0.915259848,0.084740152,1
625,6491,70,0.989330895,0.010669105,1
626,2175,156,0.933075933,0.066924067,1
666,94,77,0.549707602,0.450292398,1
674,210,12,0.945945946,0.054054054,1
675,266,301,0.469135802,0.530864198,1
676,1568,311,0.834486429,0.165513571,1
677,2069,155,0.930305755,0.069694245,1
678,6282,214,0.96705665,0.03294335,1
679,5984,197,0.968128135,0.031871865,1
680,2559,163,0.940117561,0.059882439,1
725,126,0,1,0,1
726,603,132,0.820408163,0.179591837,1
731,5016,298,0.943921716,0.056078284,1
732,6500,61,0.990702637,0.009297363,1
733,6498,63,0.990397805,0.009602195,1
734,1225,72,0.944487278,0.055512722,1
772,101,9,0.918181818,0.081818182,1
784,1529,156,0.907418398,0.092581602,1
785,3955,232,0.944590399,0.055409601,1
786,6470,91,0.986130163,0.013869837,1
787,1495,269,0.847505669,0.152494331,1
803,954,0,1,0,1
804,2579,62,0.976524044,0.023475956,1
805,5507,22,0.99602098,0.00397902,1
806,2834,97,0.966905493,0.033094507,1
838,4212,292,0.935168739,0.064831261,1
839,6416,145,0.97789971,0.02210029,1
840,6341,190,0.970907977,0.029092023,1
841,5004,113,0.977916748,0.022083252,1
842,3869,206,0.949447853,0.050552147,1
856,1144,127,0.900078678,0.099921322,1
857,6145,193,0.969548754,0.030451246,1
858,6529,32,0.995122695,0.004877305,1
859,5004,491,0.910646042,0.089353958,1
860,2417,754,0.76222012,0.23777988,1
861,5104,38,0.992609879,0.007390121,1
862,652,17,0.974588939,0.025411061,1
890,381,116,0.766599598,0.233400402,1
891,6380,178,0.972857579,0.027142421,1
892,6509,52,0.992074379,0.007925621,1
893,6530,31,0.995275111,0.004724889,1
894,6483,78,0.988111568,0.011888432,1
895,4029,117,0.971780029,0.028219971,1
909,716,5,0.993065187,0.006934813,1
910,6460,58,0.991101565,0.008898435,1
911,6466,95,0.9855205,0.0144795,1
912,6303,258,0.960676726,0.039323274,1
913,6463,98,0.985063253,0.014936747,1
914,6536,25,0.996189605,0.003810395,1
915,2045,32,0.984593163,0.015406837,1
943,2440,172,0.934150077,0.065849923,1
944,6367,194,0.970431337,0.029568663,1
945,6536,25,0.996189605,0.003810395,1
946,6548,13,0.998018595,0.001981405,1
947,6082,42,0.993141737,0.006858263,1
948,2511,52,0.979711276,0.020288724,1
963,5473,76,0.986303839,0.013696161,1
964,6432,129,0.980338363,0.019661637,1
965,6425,136,0.979271453,0.020728547,1
966,6480,81,0.987654321,0.012345679,1
967,6537,24,0.996342021,0.003657979,1
968,3125,12,0.996174689,0.003825311,1
995,537,125,0.811178248,0.188821752,1
996,6380,70,0.989147287,0.010852713,1
997,6521,40,0.993903368,0.006096632,1
998,6275,106,0.983388184,0.016611816,1
999,2379,76,0.96904277,0.03095723,1
1000,607,27,0.957413249,0.042586751,1
1015,354,1,0.997183099,0.002816901,1
1016,4365,226,0.950773252,0.049226748,1
1017,6509,52,0.992074379,0.007925621,1
1018,6510,51,0.992226795,0.007773205,1
1019,6540,21,0.996799268,0.003200732,1
1020,6520,41,0.993750953,0.006249047,1
1021,3749,118,0.969485389,0.030514611,1
1048,2344,202,0.920659859,0.079340141,1
1049,6556,5,0.999237921,0.000762079,1
1050,6508,53,0.991921963,0.008078037,1
1051,6181,59,0.990544872,0.009455128,1
1052,1053,36,0.966942149,0.033057851,1
1058,661,143,0.822139303,0.177860697,1
1059,4042,339,0.922620406,0.077379594,1
1060,1509,232,0.866743251,0.133256749,1
1069,5551,59,0.989483066,0.010516934,1
1070,6489,72,0.989026063,0.010973937,1
1071,6538,23,0.996494437,0.003505563,1
1072,6511,50,0.99237921,0.00762079,1
1073,6544,17,0.997408932,0.002591068,1
1074,3763,4,0.998938147,0.001061853,1
1098,1054,79,0.93027361,0.06972639,1
1099,4785,66,0.986394558,0.013605442,1
1100,4873,43,0.991253051,0.008746949,1
1101,6198,37,0.994065758,0.005934242,1
1102,6541,20,0.996951684,0.003048316,1
1103,6546,15,0.997713763,0.002286237,1
1104,6532,29,0.995579942,0.004420058,1
1105,3510,88,0.975541968,0.024458032,1
1111,3237,287,0.918558456,0.081441544,1
1112,5969,592,0.909769852,0.090230148,1
1113,4084,287,0.934339968,0.065660032,1
1121,490,0,1,0,1
1122,5921,45,0.992457258,0.007542742,1
1123,6477,84,0.987197074,0.012802926,1
1124,6485,76,0.9884164,0.0115836,1
1125,6456,105,0.983996342,0.016003658,1
1126,6513,48,0.992684042,0.007315958,1
1127,3964,84,0.979249012,0.020750988,1
1150,212,41,0.837944664,0.162055336,1
1151,5886,165,0.97273178,0.02726822,1
1152,6522,39,0.994055784,0.005944216,1
1153,6510,51,0.992226795,0.007773205,1
1154,6525,36,0.994513032,0.005486968,1
1155,6530,31,0.995275111,0.004724889,1
1156,6546,15,0.997713763,0.002286237,1
1157,6547,14,0.997866179,0.002133821,1
1158,6448,87,0.98668707,0.01331293,1
1159,1822,44,0.97642015,0.02357985,1
1161,1725,359,0.827735125,0.172264875,1
1162,3751,302,0.925487293,0.074512707,1
1163,4187,220,0.950079419,0.049920581,1
1164,5856,524,0.917868339,0.082131661,1
1165,5456,655,0.892816233,0.107183767,1
1166,1482,78,0.95,0.05,1
1174,3885,92,0.976866985,0.023133015,1
1175,6498,63,0.990397805,0.009602195,1
1176,6504,57,0.9913123,0.0086877,1
1177,6526,35,0.994665447,0.005334553,1
1178,6512,49,0.992531626,0.007468374,1
1179,6537,24,0.996342021,0.003657979,1
1180,6180,68,0.989116517,0.010883483,1
1181,525,2,0.996204934,0.003795066,1
1200,43,95,0.311594203,0.688405797,1
1201,818,260,0.758812616,0.241187384,1
1202,963,120,0.889196676,0.110803324,1
1203,1113,724,0.605879151,0.394120849,1
1204,5921,617,0.905628633,0.094371367,1
1205,6507,54,0.991769547,0.008230453,1
1206,6485,76,0.9884164,0.0115836,1
1207,6362,199,0.969669258,0.030330742,1
1208,6555,6,0.999085505,0.000914495,1
1209,6545,16,0.997561347,0.002438653,1
1210,6533,28,0.995732358,0.004267642,1
1211,6483,78,0.988111568,0.011888432,1
1212,6275,107,0.983234096,0.016765904,1
1213,4443,359,0.925239484,0.074760516,1
1214,5788,597,0.906499608,0.093500392,1
1215,6307,254,0.961286389,0.038713611,1
1216,6360,201,0.969364426,0.030635574,1
1217,4659,469,0.908541342,0.091458658,1
1218,528,60,0.897959184,0.102040816,1
1226,688,4,0.994219653,0.005780347,1
1227,5274,162,0.970198675,0.029801325,1
1228,4565,336,0.931442563,0.068557437,1
1229,6534,26,0.996036585,0.003963415,1
1230,6539,22,0.996646853,0.003353147,1
1231,6539,22,0.996646853,0.003353147,1
1232,6546,15,0.997713763,0.002286237,1
1233,4087,96,0.977049964,0.022950036,1
1252,286,530,0.350490196,0.649509804,1
1253,469,1784,0.208166889,0.791833111,1
1254,1378,2367,0.367957276,0.632042724,1
1255,3894,2667,0.593507087,0.406492913,1
1256,5919,613,0.906154317,0.093845683,1
1257,6491,70,0.989330895,0.010669105,1
1258,6474,87,0.986739826,0.013260174,1
1259,6535,26,0.996037189,0.003962811,1
1260,6534,27,0.995884774,0.004115226,1
1261,6519,42,0.993598537,0.006401463,1
1262,6551,10,0.998475842,0.001524158,1
1263,6461,100,0.984758421,0.015241579,1
1264,6308,253,0.961438805,0.038561195,1
1265,6405,156,0.976223137,0.023776863,1
1266,6427,134,0.979576284,0.020423716,1
1267,6272,197,0.969547071,0.030452929,1
1268,4005,109,0.973505105,0.026494895,1
1269,1648,55,0.967704052,0.032295948,1
1280,947,30,0.969293756,0.030706244,1
1282,982,52,0.949709865,0.050290135,1
1283,5500,51,0.990812466,0.009187534,1
1284,6493,68,0.989635726,0.010364274,1
1285,5931,306,0.950937951,0.049062049,1
1286,765,36,0.95505618,0.04494382,1
1305,2420,546,0.815913688,0.184086312,1
1306,4204,2357,0.640755982,0.359244018,1
1307,3559,3002,0.542447798,0.457552202,1
1308,5817,744,0.886602652,0.113397348,1
1309,6150,411,0.93735711,0.06264289,1
1310,6418,143,0.978204542,0.021795458,1
1311,6519,42,0.993598537,0.006401463,1
1312,6531,30,0.995427526,0.004572474,1
1313,6379,182,0.972260326,0.027739674,1
1314,6536,25,0.996189605,0.003810395,1
1315,6529,32,0.995122695,0.004877305,1
1316,6520,41,0.993750953,0.006249047,1
1317,6341,220,0.966468526,0.033531474,1
1318,5358,1061,0.834709456,0.165290544,1
1319,4523,276,0.942488018,0.057511982,1
1320,1247,150,0.892627058,0.107372942,1
1337,2582,51,0.98063046,0.01936954,1
1338,1647,148,0.917548747,0.082451253,1
1354,1676,284,0.855102041,0.144897959,1
1355,1429,282,0.835184103,0.164815897,1
1356,2754,264,0.912524851,0.087475149,1
1357,2889,326,0.898600311,0.101399689,1
1358,6204,216,0.96635514,0.03364486,1
1359,6224,337,0.948635879,0.051364121,1
1360,6426,135,0.979423868,0.020576132,1
1361,6412,149,0.977290047,0.022709953,1
1362,6369,192,0.970736168,0.029263832,1
1363,6493,68,0.989635726,0.010364274,1
1364,6520,41,0.993750953,0.006249047,1
1365,6530,31,0.995275111,0.004724889,1
1366,6504,57,0.9913123,0.0086877,1
1367,6350,211,0.967840268,0.032159732,1
1368,6160,265,0.958754864,0.041245136,1
1369,4205,473,0.898888414,0.101111586,1
1370,1975,267,0.880909902,0.119090098,1
1371,128,272,0.32,0.68,1
1405,1355,665,0.670792079,0.329207921,1
1406,4216,368,0.919720768,0.080279232,1
1407,6163,306,0.95269748,0.04730252,1
1408,6500,61,0.990702637,0.009297363,1
1409,6458,103,0.984301174,0.015698826,1
1410,6422,139,0.978814205,0.021185795,1
1411,6464,97,0.985215668,0.014784332,1
1412,6509,52,0.992074379,0.007925621,1
1413,6514,47,0.992836458,0.007163542,1
1414,6442,119,0.981862521,0.018137479,1
1415,6538,23,0.996494437,0.003505563,1
1416,6518,43,0.993446121,0.006553879,1
1417,6475,86,0.986892242,0.013107758,1
1418,6271,290,0.955799421,0.044200579,1
1419,6501,60,0.990855053,0.009144947,1
1420,3743,94,0.975501694,0.024498306,1
1421,547,101,0.844135802,0.155864198,1
1456,68,139,0.328502415,0.671497585,1
1457,2409,854,0.738277659,0.261722341,1
1458,5349,1123,0.826483313,0.173516687,1
1459,6290,271,0.958695321,0.041304679,1
1460,6398,163,0.975156226,0.024843774,1
1461,6242,319,0.951379363,0.048620637,1
1462,6473,88,0.98658741,0.01341259,1
1463,6492,69,0.98948331,0.01051669,1
1464,6556,5,0.999237921,0.000762079,1
1465,6494,67,0.989788142,0.010211858,1
1466,6548,13,0.998018595,0.001981405,1
1467,6512,49,0.992531626,0.007468374,1
1468,6548,13,0.998018595,0.001981405,1
1469,6520,41,0.993750953,0.006249047,1
1470,6392,169,0.974241731,0.025758269,1
1471,6515,46,0.992988874,0.007011126,1
1472,6473,88,0.98658741,0.01341259,1
1473,4290,158,0.964478417,0.035521583,1
1474,759,0,1,0,1
1508,212,1,0.995305164,0.004694836,1
1509,3320,357,0.902909981,0.097090019,1
1510,4700,1855,0.717009916,0.282990084,1
1511,3369,3192,0.513488797,0.486511203,1
1512,6040,521,0.920591373,0.079408627,1
1513,6511,50,0.99237921,0.00762079,1
1514,6533,28,0.995732358,0.004267642,1
1515,6444,117,0.982167353,0.017832647,1
1516,6513,48,0.992684042,0.007315958,1
1517,6553,8,0.998780674,0.001219326,1
1518,6539,22,0.996646853,0.003353147,1
1519,6538,23,0.996494437,0.003505563,1
1520,6528,33,0.994970279,0.005029721,1
1521,6489,48,0.992657182,0.007342818,1
1522,4644,209,0.956933855,0.043066145,1
1523,3479,37,0.989476678,0.010523322,1
1524,3363,65,0.981038506,0.018961494,1
1525,3612,41,0.988776348,0.011223652,1
1526,4156,64,0.984834123,0.015165877,1
1527,1602,63,0.962162162,0.037837838,1
1560,1198,160,0.882179676,0.117820324,1
1561,6021,181,0.970815866,0.029184134,1
1562,6459,102,0.984453589,0.015546411,1
1563,6344,217,0.966925774,0.033074226,1
1564,6228,333,0.949245542,0.050754458,1
1565,6496,65,0.990092974,0.009907026,1
1566,6533,28,0.995732358,0.004267642,1
1567,6510,51,0.992226795,0.007773205,1
1568,6325,236,0.964029873,0.035970127,1
1569,6509,52,0.992074379,0.007925621,1
1570,6416,145,0.97789971,0.02210029,1
1571,6531,30,0.995427526,0.004572474,1
1572,6311,250,0.961896052,0.038103948,1
1573,5196,160,0.97012696,0.02987304,1
1574,687,124,0.847102343,0.152897657,1
1609,151,3,0.980519481,0.019480519,1
1610,385,29,0.929951691,0.070048309,1
1611,1854,57,0.970172684,0.029827316,1
1612,2877,40,0.986287281,0.013712719,1
1613,5848,75,0.987337498,0.012662502,1
1614,6536,25,0.996189605,0.003810395,1
1615,6304,257,0.960829142,0.039170858,1
1616,6391,170,0.974089316,0.025910684,1
1617,6534,27,0.995884774,0.004115226,1
1618,6390,171,0.9739369,0.0260631,1
1619,6541,20,0.996951684,0.003048316,1
1620,6450,111,0.983081847,0.016918153,1
1621,6360,201,0.969364426,0.030635574,1
1622,6555,6,0.999085505,0.000914495,1
1623,6490,71,0.989178479,0.010821521,1
1624,5765,652,0.898394889,0.101605111,1
1625,3125,171,0.948118932,0.051881068,1
1659,145,2,0.986394558,0.013605442,1
1663,1131,1,0.999116608,0.000883392,1
1664,5877,31,0.994752877,0.005247123,1
1665,6555,6,0.999085505,0.000914495,1
1666,6540,21,0.996799268,0.003200732,1
1667,6509,52,0.992074379,0.007925621,1
1668,6481,80,0.987806737,0.012193263,1
1669,6482,79,0.987959153,0.012040847,1
1670,6162,399,0.9391861,0.0608139,1
1671,6543,18,0.997256516,0.002743484,1
1672,6556,5,0.999237921,0.000762079,1
1673,6557,4,0.999390337,0.000609663,1
1674,6561,0,1,0,1
1675,6430,131,0.980033531,0.019966469,1
1676,6160,217,0.96597146,0.03402854,1
1677,1216,360,0.771573604,0.228426396,1
1712,1051,18,0.983161833,0.016838167,1
1713,1999,119,0.94381492,0.05618508,1
1715,2534,74,0.971625767,0.028374233,1
1716,5882,208,0.965845649,0.034154351,1
1717,6535,26,0.996037189,0.003962811,1
1718,6537,24,0.996342021,0.003657979,1
1719,6526,35,0.994665447,0.005334553,1
1720,6519,42,0.993598537,0.006401463,1
1721,6475,86,0.986892242,0.013107758,1
1722,6448,113,0.982777016,0.017222984,1
1723,6499,62,0.990550221,0.009449779,1
1724,6384,177,0.973022405,0.026977595,1
1725,6539,22,0.996646853,0.003353147,1
1726,6561,0,1,0,1
1727,6495,66,0.989940558,0.010059442,1
1728,6210,351,0.946502058,0.053497942,1
1729,2959,594,0.832817337,0.167182663,1
1764,271,2,0.992673993,0.007326007,1
1767,3772,308,0.924509804,0.075490196,1
1768,6240,153,0.976067574,0.023932426,1
1769,6550,11,0.998323426,0.001676574,1
1770,6547,14,0.997866179,0.002133821,1
1771,6539,22,0.996646853,0.003353147,1
1772,6542,19,0.9971041,0.0028959,1
1773,6458,103,0.984301174,0.015698826,1
1774,6426,135,0.979423868,0.020576132,1
1775,5985,576,0.912208505,0.087791495,1
1776,6178,383,0.941624752,0.058375248,1
1777,6434,127,0.980643195,0.019356805,1
1778,6546,15,0.997713763,0.002286237,1
1779,6540,21,0.996799268,0.003200732,1
1780,6503,58,0.991159884,0.008840116,1
1781,6489,66,0.98993135,0.01006865,1
1782,757,212,0.78121775,0.21878225,1
1820,4845,188,0.962646533,0.037353467,1
1821,6523,38,0.9942082,0.0057918,1
1822,6553,8,0.998780674,0.001219326,1
1823,6435,126,0.98079561,0.01920439,1
1824,6499,62,0.990550221,0.009449779,1
1825,6452,109,0.983386679,0.016613321,1
1826,6461,100,0.984758421,0.015241579,1
1827,6492,69,0.98948331,0.01051669,1
1828,6453,108,0.983539095,0.016460905,1
1829,6460,101,0.984606005,0.015393995,1
1830,6359,202,0.96921201,0.03078799,1
1831,6456,105,0.983996342,0.016003658,1
1832,6386,175,0.973327237,0.026672763,1
1833,6259,302,0.953970431,0.046029569,1
1834,4033,571,0.875977411,0.124022589,1
1872,2406,595,0.801732756,0.198267244,1
1873,6463,98,0.985063253,0.014936747,1
1874,6519,42,0.993598537,0.006401463,1
1875,6445,116,0.982319768,0.017680232,1
1876,6376,185,0.971803079,0.028196921,1
1877,6420,141,0.978509374,0.021490626,1
1878,6435,126,0.98079561,0.01920439,1
1879,6322,239,0.963572626,0.036427374,1
1880,6332,229,0.965096784,0.034903216,1
1881,6546,15,0.997713763,0.002286237,1
1882,6515,46,0.992988874,0.007011126,1
1883,6521,40,0.993903368,0.006096632,1
1884,6471,90,0.986282579,0.013717421,1
1885,6270,291,0.955647005,0.044352995,1
1886,5937,493,0.923328149,0.076671851,1
1887,967,207,0.823679727,0.176320273,1
1913,594,300,0.66442953,0.33557047,1
1925,4574,563,0.890402959,0.109597041,1
1926,5975,586,0.910684347,0.089315653,1
1927,6150,411,0.93735711,0.06264289,1
1928,6168,393,0.940100594,0.059899406,1
1929,5579,982,0.850327694,0.149672306,1
1930,6357,204,0.968907179,0.031092821,1
1931,6530,31,0.995275111,0.004724889,1
1932,6494,67,0.989788142,0.010211858,1
1933,6545,16,0.997561347,0.002438653,1
1934,6501,60,0.990855053,0.009144947,1
1935,6421,140,0.978661789,0.021338211,1
1936,6461,100,0.984758421,0.015241579,1
1937,5963,282,0.954843875,0.045156125,1
1938,2624,327,0.889190105,0.110809895,1
1939,337,233,0.59122807,0.40877193,1
1965,205,0,1,0,1
1966,4668,46,0.990241833,0.009758167,1
1967,5786,386,0.937459494,0.062540506,1
1968,3200,388,0.891861761,0.108138239,1
1977,899,777,0.536396181,0.463603819,1
1978,5921,514,0.92012432,0.07987568,1
1979,6028,533,0.918762384,0.081237616,1
1980,6120,441,0.932784636,0.067215364,1
1981,5436,1125,0.828532236,0.171467764,1
1982,6161,400,0.939033684,0.060966316,1
1983,6479,82,0.987501905,0.012498095,1
1984,6560,1,0.999847584,0.000152416,1
1985,6527,34,0.994817863,0.005182137,1
1986,6536,25,0.996189605,0.003810395,1
1987,5884,97,0.983781976,0.016218024,1
1988,5415,419,0.928179637,0.071820363,1
1989,3299,532,0.861132863,0.138867137,1
1990,636,141,0.818532819,0.181467181,1
2016,392,0,1,0,1
2017,2426,0,1,0,1
2018,4019,6,0.998509317,0.001490683,1
2019,4098,8,0.998051632,0.001948368,1
2020,6554,7,0.998933089,0.001066911,1
2021,6326,235,0.964182289,0.035817711,1
2022,3193,412,0.885714286,0.114285714,1
2027,691,38,0.9478738,0.0521262,1
2028,3832,39,0.989925084,0.010074916,1
2029,5294,563,0.903875704,0.096124296,1
2030,6313,243,0.962934716,0.037065284,1
2031,6511,50,0.99237921,0.00762079,1
2032,6532,29,0.995579942,0.004420058,1
2033,6545,16,0.997561347,0.002438653,1
2034,6528,33,0.994970279,0.005029721,1
2035,6523,38,0.9942082,0.0057918,1
2036,6543,18,0.997256516,0.002743484,1
2037,6536,25,0.996189605,0.003810395,1
2038,6492,69,0.98948331,0.01051669,1
2039,5970,591,0.909922268,0.090077732,1
2040,4657,742,0.862567142,0.137432858,1
2041,466,325,0.589127686,0.410872314,1
2069,4556,1,0.999780557,0.000219443,1
2070,6555,6,0.999085505,0.000914495,1
2071,6340,221,0.96631611,0.03368389,1
2072,6289,272,0.958542905,0.041457095,1
2073,6408,153,0.976680384,0.023319616,1
2074,6503,58,0.991159884,0.008840116,1
2075,6415,146,0.977747295,0.022252705,1
2076,4392,264,0.943298969,0.056701031,1
2077,2073,281,0.880628717,0.119371283,1
2078,2449,610,0.800588428,0.199411572,1
2079,4569,162,0.965757768,0.034242232,1
2080,6179,147,0.976762567,0.023237433,1
2081,6544,17,0.997408932,0.002591068,1
2082,6521,40,0.993903368,0.006096632,1
2083,6560,1,0.999847584,0.000152416,1
2084,6537,24,0.996342021,0.003657979,1
2085,6512,49,0.992531626,0.007468374,1
2086,6465,96,0.985368084,0.014631916,1
2087,6395,166,0.974698979,0.025301021,1
2088,6178,383,0.941624752,0.058375248,1
2089,6218,343,0.947721384,0.052278616,1
2090,6170,391,0.940405426,0.059594574,1
2091,6110,451,0.931260479,0.068739521,1
2092,6066,495,0.924554184,0.075445816,1
2093,1731,221,0.886782787,0.113217213,1
2122,3975,0,1,0,1
2123,6552,9,0.998628258,0.001371742,1
2124,6346,215,0.967230605,0.032769395,1
2125,6266,295,0.955037342,0.044962658,1
2126,6273,288,0.956104252,0.043895748,1
2127,6411,150,0.977137631,0.022862369,1
2128,6506,55,0.991617132,0.008382868,1
2129,6440,121,0.981557689,0.018442311,1
2130,6489,72,0.989026063,0.010973937,1
2131,6418,143,0.978204542,0.021795458,1
2132,6557,4,0.999390337,0.000609663,1
2133,6557,4,0.999390337,0.000609663,1
2134,6554,7,0.998933089,0.001066911,1
2135,6536,25,0.996189605,0.003810395,1
2136,6404,157,0.976070721,0.023929279,1
2137,6324,237,0.963877458,0.036122542,1
2138,5995,566,0.913732663,0.086267337,1
2139,5625,936,0.85733882,0.14266118,1
2140,5830,731,0.888584057,0.111415943,1
2141,5785,776,0.881725347,0.118274653,1
2142,5894,667,0.898338668,0.101661332,1
2143,6494,67,0.989788142,0.010211858,1
2144,6426,135,0.979423868,0.020576132,1
2145,6325,169,0.973975978,0.026024022,1
2146,489,29,0.944015444,0.055984556,1
2174,811,0,1,0,1
2175,3771,2,0.999469918,0.000530082,1
2176,6459,102,0.984453589,0.015546411,1
2177,6236,325,0.950464868,0.049535132,1
2178,6201,360,0.945130316,0.054869684,1
2179,6380,181,0.972412742,0.027587258,1
2180,6317,244,0.962810547,0.037189453,1
2181,6293,268,0.959152568,0.040847432,1
2182,6280,281,0.957171163,0.042828837,1
2183,6059,502,0.923487273,0.076512727,1
2184,6464,97,0.985215668,0.014784332,1
2185,6544,17,0.997408932,0.002591068,1
2186,6539,22,0.996646853,0.003353147,1
2187,6478,83,0.987349489,0.012650511,1
2188,6399,162,0.975308642,0.024691358,1
2189,6204,357,0.945587563,0.054412437,1
2190,5759,802,0.877762536,0.122237464,1
2191,6032,529,0.919372047,0.080627953,1
2192,6030,531,0.919067215,0.080932785,1
2193,6176,385,0.941319921,0.058680079,1
2194,6325,236,0.964029873,0.035970127,1
2195,6332,229,0.965096784,0.034903216,1
2196,6087,474,0.927754915,0.072245085,1
2197,6434,127,0.980643195,0.019356805,1
2198,6349,174,0.973325157,0.026674843,1
2199,3237,44,0.986589454,0.013410546,1
2227,4083,52,0.987424426,0.012575574,1
2228,6326,51,0.992002509,0.007997491,1
2229,6444,117,0.982167353,0.017832647,1
2230,5864,697,0.893766194,0.106233806,1
2231,3785,2776,0.576893766,0.423106234,1
2232,6032,529,0.919372047,0.080627953,1
2233,6520,41,0.993750953,0.006249047,1
2234,6488,73,0.988873647,0.011126353,1
2235,6298,263,0.959914647,0.040085353,1
2236,6398,163,0.975156226,0.024843774,1
2237,6206,355,0.945892394,0.054107606,1
2238,6234,327,0.950160037,0.049839963,1
2239,6292,269,0.959000152,0.040999848,1
2240,5798,763,0.883706752,0.116293248,1
2241,6235,326,0.950312452,0.049687548,1
2242,6271,290,0.955799421,0.044200579,1
2243,6300,261,0.960219479,0.039780521,1
2244,6377,184,0.971955495,0.028044505,1
2245,5982,579,0.911751257,0.088248743,1
2246,6357,204,0.968907179,0.031092821,1
2247,6360,201,0.969364426,0.030635574,1
2248,6375,186,0.971650663,0.028349337,1
2249,6147,414,0.936899863,0.063100137,1
2250,6419,142,0.978356958,0.021643042,1
2251,6233,328,0.950007621,0.049992379,1
2252,2679,121,0.956785714,0.043214286,1
2281,724,2,0.997245179,0.002754821,1
2282,5337,1,0.999812664,0.000187336,1
2283,6485,76,0.9884164,0.0115836,1
2284,6002,559,0.914799573,0.085200427,1
2285,6036,525,0.91998171,0.08001829,1
2286,6301,260,0.960371895,0.039628105,1
2287,6323,238,0.963725042,0.036274958,1
2288,6362,199,0.969669258,0.030330742,1
2289,6096,465,0.929126658,0.070873342,1
2290,6187,374,0.942996494,0.057003506,1
2291,5721,840,0.871970736,0.128029264,1
2292,5939,622,0.905197378,0.094802622,1
2293,6037,524,0.920134126,0.079865874,1
2294,6277,284,0.956713916,0.043286084,1
2295,6116,445,0.932174973,0.067825027,1
2296,6198,363,0.944673068,0.055326932,1
2297,6187,374,0.942996494,0.057003506,1
2298,6081,480,0.926840421,0.073159579,1
2299,5810,751,0.885535742,0.114464258,1
2300,5934,627,0.904435299,0.095564701,1
2301,6128,433,0.934003963,0.065996037,1
2302,5955,606,0.907636031,0.092363969,1
2303,5734,827,0.873952141,0.126047859,1
2304,3994,241,0.94309327,0.05690673,1
2305,222,166,0.572164948,0.427835052,1
2334,1441,0,1,0,1
2335,5992,3,0.999499583,0.000500417,1
2336,6546,15,0.997713763,0.002286237,1
2337,6523,38,0.9942082,0.0057918,1
2338,6229,332,0.949397958,0.050602042,1
2339,5916,645,0.901691815,0.098308185,1
2340,6358,203,0.969059595,0.030940405,1
2341,5995,566,0.913732663,0.086267337,1
2342,5334,1227,0.812985825,0.187014175,1
2343,3750,2811,0.571559214,0.428440786,1
2344,1513,5048,0.230605091,0.769394909,1
2345,4838,1723,0.737387593,0.262612407,1
2346,5420,1141,0.826093583,0.173906417,1
2347,5668,893,0.863892699,0.136107301,1
2348,5010,1551,0.763603109,0.236396891,1
2349,5390,1171,0.82152111,0.17847889,1
2350,5975,586,0.910684347,0.089315653,1
2351,5745,816,0.875628715,0.124371285,1
2352,5530,1031,0.84285932,0.15714068,1
2353,6045,516,0.921353452,0.078646548,1
2354,5567,994,0.848498704,0.151501296,1
2355,5993,568,0.913427831,0.086572169,1
2356,5086,1475,0.775186709,0.224813291,1
2357,4831,1519,0.760787402,0.239212598,1
2358,3038,724,0.807549176,0.192450824,1
2359,2588,316,0.891184573,0.108815427,1
2360,1371,138,0.908548708,0.091451292,1
2364,158,137,0.53559322,0.46440678,1
2365,139,43,0.763736264,0.236263736,1
2386,745,0,1,0,1
2387,5673,73,0.98729551,0.01270449,1
2388,6426,135,0.979423868,0.020576132,1
2389,6319,242,0.963115379,0.036884621,1
2390,6464,97,0.985215668,0.014784332,1
2391,6558,3,0.999542753,0.000457247,1
2392,6517,44,0.993293705,0.006706295,1
2393,6275,286,0.956409084,0.043590916,1
2394,5843,718,0.890565463,0.109434537,1
2395,4642,1919,0.707514098,0.292485902,1
2396,4386,1972,0.689839572,0.310160428,1
2397,3829,2732,0.583600061,0.416399939,1
2398,5040,1521,0.768175583,0.231824417,1
2399,4460,2101,0.679774425,0.320225575,1
2400,5572,989,0.849260783,0.150739217,1
2401,6123,438,0.933241884,0.066758116,1
2402,6400,161,0.975461058,0.024538942,1
2403,6445,116,0.982319768,0.017680232,1
2404,6522,39,0.994055784,0.005944216,1
2405,6500,61,0.990702637,0.009297363,1
2406,6408,153,0.976680384,0.023319616,1
2407,5690,871,0.867245847,0.132754153,1
2408,5493,1068,0.837219936,0.162780064,1
2409,5588,973,0.851699436,0.148300564,1
2410,5451,1110,0.830818473,0.169181527,1
2411,5730,831,0.873342478,0.126657522,1
2412,5830,731,0.888584057,0.111415943,1
2413,6202,359,0.945282731,0.054717269,1
2414,5011,433,0.920462895,0.079537105,1
2415,2531,295,0.895612173,0.104387827,1
2416,2747,438,0.862480377,0.137519623,1
2417,1697,432,0.797087835,0.202912165,1
2418,451,15,0.967811159,0.032188841,1
2440,825,0,1,0,1
2441,1068,0,1,0,1
2442,2349,2,0.999149298,0.000850702,1
2443,3425,7,0.997960373,0.002039627,1
2444,3237,4,0.998765813,0.001234187,1
2445,6191,3,0.99951566,0.00048434,1
2446,6379,182,0.972260326,0.027739674,1
2447,6262,299,0.954427679,0.045572321,1
2448,5397,447,0.923511294,0.076488706,1
2449,2477,96,0.962689468,0.037310532,1
2450,6388,173,0.973632068,0.026367932,1
2451,6343,218,0.966773358,0.033226642,1
2452,6528,33,0.994970279,0.005029721,1
2453,6449,112,0.982929431,0.017070569,1
2454,6354,207,0.968449931,0.031550069,1
2455,6412,149,0.977290047,0.022709953,1
2456,6542,19,0.9971041,0.0028959,1
2457,6391,170,0.974089316,0.025910684,1
2458,6200,361,0.9449779,0.0550221,1
2459,6376,185,0.971803079,0.028196921,1
2460,6468,93,0.985825332,0.014174668,1
2461,6519,42,0.993598537,0.006401463,1
2462,6268,293,0.955342173,0.044657827,1
2463,6197,364,0.944520652,0.055479348,1
2464,5803,758,0.884468831,0.115531169,1
2465,5496,1065,0.837677183,0.162322817,1
2466,5958,603,0.908093278,0.091906722,1
2467,6184,377,0.942539247,0.057460753,1
2468,5664,897,0.863283036,0.136716964,1
2469,4585,583,0.887190402,0.112809598,1
2470,174,139,0.555910543,0.444089457,1
2498,2606,0,1,0,1
2499,6400,161,0.975461058,0.024538942,1
2500,3626,23,0.993696903,0.006303097,1
2501,814,2,0.99754902,0.00245098,1
2503,4293,48,0.98894264,0.01105736,1
2504,6375,186,0.971650663,0.028349337,1
2505,6385,134,0.9794447,0.0205553,1
2506,6418,132,0.979847328,0.020152672,1
2507,5390,95,0.982680036,0.017319964,1
2508,6491,70,0.989330895,0.010669105,1
2509,6542,19,0.9971041,0.0028959,1
2510,6528,33,0.994970279,0.005029721,1
2511,6266,295,0.955037342,0.044962658,1
2512,6428,133,0.9797287,0.0202713,1
2513,6533,28,0.995732358,0.004267642,1
2514,6554,7,0.998933089,0.001066911,1
2515,6523,38,0.9942082,0.0057918,1
2516,6331,230,0.964944368,0.035055632,1
2517,6444,117,0.982167353,0.017832647,1
2518,6475,86,0.986892242,0.013107758,1
2519,6318,243,0.962962963,0.037037037,1
2520,6114,447,0.931870142,0.068129858,1
2521,5962,599,0.908702942,0.091297058,1
2522,4076,98,0.976521322,0.023478678,1
2523,411,0,1,0,1
2552,3065,1,0.999673842,0.000326158,1
2553,682,0,1,0,1
2556,1331,0,1,0,1
2557,3942,46,0.988465396,0.011534604,1
2558,398,0,1,0,1
2559,1898,0,1,0,1
2560,3780,0,1,0,1
2561,6514,47,0.992836458,0.007163542,1
2562,6561,0,1,0,1
2563,6542,19,0.9971041,0.0028959,1
2564,6465,96,0.985368084,0.014631916,1
2565,6243,318,0.951531779,0.048468221,1
2566,6533,28,0.995732358,0.004267642,1
2567,6519,42,0.993598537,0.006401463,1
2568,6552,9,0.998628258,0.001371742,1
2569,6541,20,0.996951684,0.003048316,1
2570,6531,30,0.995427526,0.004572474,1
2571,6557,4,0.999390337,0.000609663,1
2572,6525,36,0.994513032,0.005486968,1
2573,6353,208,0.968297516,0.031702484,1
2574,6522,38,0.994207317,0.005792683,1
2575,4491,17,0.996228926,0.003771074,1
2576,1013,2,0.998029557,0.001970443,1
2613,1865,10,0.994666667,0.005333333,1
2614,1897,0,1,0,1
2615,6193,35,0.994380218,0.005619782,1
2616,6511,50,0.99237921,0.00762079,1
2617,6527,34,0.994817863,0.005182137,1
2618,6383,178,0.972869989,0.027130011,1
2619,6540,21,0.996799268,0.003200732,1
2620,6477,84,0.987197074,0.012802926,1
2621,6548,13,0.998018595,0.001981405,1
2622,6524,37,0.994360616,0.005639384,1
2623,5923,27,0.995462185,0.004537815,1
2624,4146,13,0.996874249,0.003125751,1
2625,3135,1,0.999681122,0.000318878,1
2626,2306,8,0.996542783,0.003457217,1
2627,1360,0,1,0,1
2628,1083,0,1,0,1
2668,3173,4,0.998740951,0.001259049,1
2669,1626,0,1,0,1
2670,1878,0,1,0,1
2671,6348,13,0.997956296,0.002043704,1
2672,6509,42,0.993588765,0.006411235,1
2673,6534,27,0.995884774,0.004115226,1
2674,6455,106,0.983843926,0.016156074,1
2675,5568,20,0.996420902,0.003579098,1
2676,1013,0,1,0,1
2725,542,1,0.998158379,0.001841621,1
2726,671,0,1,0,1
2727,1601,6,0.996266335,0.003733665,1
2728,2011,1,0.999502982,0.000497018,1