GRID_OID,PLAIN,HILL,MOUNTAIN,PLAIN_M,HILL_M,MOUNTAIN_M,TOTAL_M
289,80,648,64,0.1,0.82,0.08,1
290,16,200,0,0.07,0.93,0,1
300,264,0,0,1,0,0,1
301,1162,1292,0,0.47,0.53,0,1
302,2184,1550,0,0.58,0.42,0,1
303,2818,466,0,0.86,0.14,0,1
353,2672,1087,0,0.71,0.29,0,1
354,2610,3697,254,0.4,0.56,0.04,1
355,805,5282,474,0.12,0.81,0.07,1
356,1276,4819,0,0.21,0.79,0,1
357,1409,64,0,0.96,0.04,0,1
402,159,59,0,0.73,0.27,0,1
403,388,2905,0,0.12,0.88,0,1
404,1400,4113,0,0.25,0.75,0,1
405,1340,4669,0,0.22,0.78,0,1
406,1204,5229,128,0.18,0.8,0.02,1
407,1180,5181,200,0.18,0.79,0.03,1
408,567,4998,996,0.09,0.76,0.15,1
409,1233,5139,180,0.19,0.78,0.03,1
410,1024,372,0,0.73,0.27,0,1
454,900,2090,0,0.3,0.7,0,1
455,117,6115,24,0.02,0.98,0,1
456,160,6385,16,0.02,0.97,0,1
457,228,6333,0,0.03,0.97,0,1
458,128,6267,166,0.02,0.96,0.03,1
459,16,5879,666,0,0.9,0.1,1
460,932,5597,32,0.14,0.85,0,1
461,4793,1768,0,0.73,0.27,0,1
462,3185,947,0,0.77,0.23,0,1
504,2892,420,0,0.87,0.13,0,1
505,2812,2060,0,0.58,0.42,0,1
506,840,4936,400,0.14,0.8,0.06,1
507,16,4969,1576,0,0.76,0.24,1
508,0,4412,2149,0,0.67,0.33,1
509,0,6062,499,0,0.92,0.08,1
510,16,6449,96,0,0.98,0.01,1
511,0,6138,423,0,0.94,0.06,1
512,52,5904,605,0.01,0.9,0.09,1
513,200,5913,448,0.03,0.9,0.07,1
514,664,5769,128,0.1,0.88,0.02,1
515,1222,4370,672,0.2,0.7,0.11,1
516,272,76,0,0.78,0.22,0,1
556,576,16,0,0.97,0.03,0,1
557,4052,2437,0,0.62,0.38,0,1
558,612,5845,104,0.09,0.89,0.02,1
559,176,6313,72,0.03,0.96,0.01,1
560,64,5876,621,0.01,0.9,0.09,1
561,32,5475,1054,0,0.83,0.16,1
562,32,5344,1185,0,0.81,0.18,1
563,4,4216,2341,0,0.64,0.36,1
564,0,3919,2642,0,0.6,0.4,1
565,0,4274,2287,0,0.65,0.35,1
566,0,4713,1848,0,0.72,0.28,1
567,240,5093,1228,0.04,0.78,0.19,1
568,96,4277,2188,0.01,0.65,0.33,1
569,528,1876,939,0.16,0.56,0.28,1
571,136,761,4,0.15,0.84,0,1
572,336,981,4,0.25,0.74,0,1
610,940,1606,16,0.37,0.63,0.01,1
611,104,2868,524,0.03,0.82,0.15,1
612,920,2639,272,0.24,0.69,0.07,1
613,904,2643,2611,0.15,0.43,0.42,1
614,344,2339,626,0.1,0.71,0.19,1
615,80,508,7,0.13,0.85,0.01,1
616,108,932,303,0.08,0.69,0.23,1
617,32,1261,106,0.02,0.9,0.08,1
618,16,1010,541,0.01,0.64,0.35,1
619,188,1883,1058,0.06,0.6,0.34,1
620,0,2555,3083,0,0.45,0.55,1
621,292,2694,2044,0.06,0.54,0.41,1
622,456,2863,3107,0.07,0.45,0.48,1
623,288,1307,922,0.11,0.52,0.37,1
624,280,2978,2727,0.05,0.5,0.46,1
625,0,2096,4465,0,0.32,0.68,1
626,776,1481,0,0.34,0.66,0,1
666,48,100,0,0.32,0.68,0,1
674,0,164,0,0,1,0,1
675,280,210,0,0.57,0.43,0,1
676,180,1645,56,0.1,0.87,0.03,1
677,156,1333,720,0.07,0.6,0.33,1
678,1212,3669,1616,0.19,0.56,0.25,1
679,436,3597,2160,0.07,0.58,0.35,1
680,584,1796,368,0.21,0.65,0.13,1
725,64,80,16,0.4,0.5,0.1,1
726,12,600,64,0.02,0.89,0.09,1
731,1944,3260,24,0.37,0.62,0,1
732,84,5725,752,0.01,0.87,0.11,1
733,40,4069,2452,0.01,0.62,0.37,1
734,545,679,0,0.45,0.55,0,1
772,32,32,0,0.5,0.5,0,1
784,100,1470,24,0.06,0.92,0.02,1
785,636,3426,80,0.15,0.83,0.02,1
786,144,5865,552,0.02,0.89,0.08,1
787,793,971,0,0.45,0.55,0,1
803,464,528,0,0.47,0.53,0,1
804,1920,584,0,0.77,0.23,0,1
805,568,4216,632,0.1,0.78,0.12,1
806,776,1820,164,0.28,0.66,0.06,1
838,1308,1776,1392,0.29,0.4,0.31,1
839,368,4093,2100,0.06,0.62,0.32,1
840,243,3995,2272,0.04,0.61,0.35,1
841,1380,3384,316,0.27,0.67,0.06,1
842,1464,2528,0,0.37,0.63,0,1
856,613,620,0,0.5,0.5,0,1
857,2442,3913,0,0.38,0.62,0,1
858,1928,3640,993,0.29,0.55,0.15,1
859,3714,1593,112,0.69,0.29,0.02,1
860,2296,810,0,0.74,0.26,0,1
861,884,3362,816,0.17,0.66,0.16,1
862,304,306,0,0.5,0.5,0,1
890,44,449,0,0.09,0.91,0,1
891,12,3489,3060,0,0.53,0.47,1
892,16,2717,3828,0,0.41,0.58,1
893,0,3481,3080,0,0.53,0.47,1
894,16,5632,913,0,0.86,0.14,1
895,1645,2466,0,0.4,0.6,0,1
909,104,600,0,0.15,0.85,0,1
910,147,4668,1716,0.02,0.71,0.26,1
911,3879,2018,664,0.59,0.31,0.1,1
912,5221,1340,0,0.8,0.2,0,1
913,1162,4087,1312,0.18,0.62,0.2,1
914,360,5281,920,0.05,0.8,0.14,1
915,892,1027,0,0.46,0.54,0,1
943,128,1188,1198,0.05,0.47,0.48,1
944,828,4218,1515,0.13,0.64,0.23,1
945,212,3250,3099,0.03,0.5,0.47,1
946,28,2189,4344,0,0.33,0.66,1
947,168,4703,1218,0.03,0.77,0.2,1
948,720,1866,0,0.28,0.72,0,1
963,2751,2760,36,0.5,0.5,0.01,1
964,3605,2948,8,0.55,0.45,0,1
965,2023,4506,32,0.31,0.69,0,1
966,408,5602,551,0.06,0.85,0.08,1
967,212,4881,1468,0.03,0.74,0.22,1
968,240,2695,140,0.08,0.88,0.05,1
995,231,433,4,0.35,0.65,0.01,1
996,81,2168,4173,0.01,0.34,0.65,1
997,816,5428,317,0.12,0.83,0.05,1
998,2615,3400,333,0.41,0.54,0.05,1
999,650,1535,238,0.27,0.63,0.1,1
1000,192,421,0,0.31,0.69,0,1
1015,356,0,0,1,0,0,1
1016,4591,32,0,0.99,0.01,0,1
1017,2445,3908,208,0.37,0.6,0.03,1
1018,474,5719,368,0.07,0.87,0.06,1
1019,262,1820,4479,0.04,0.28,0.68,1
1020,0,1997,4564,0,0.3,0.7,1
1021,1000,2679,24,0.27,0.72,0.01,1
1048,384,1409,740,0.15,0.56,0.29,1
1049,0,3030,3531,0,0.46,0.54,1
1050,64,2763,3734,0.01,0.42,0.57,1
1051,980,2330,2928,0.16,0.37,0.47,1
1052,168,912,0,0.16,0.84,0,1
1058,750,16,0,0.98,0.02,0,1
1059,4042,236,0,0.94,0.06,0,1
1060,1438,268,0,0.84,0.16,0,1
1069,2322,2789,532,0.41,0.49,0.09,1
1070,3402,3159,0,0.52,0.48,0,1
1071,512,5593,456,0.08,0.85,0.07,1
1072,0,3119,3442,0,0.48,0.52,1
1073,28,2110,4423,0,0.32,0.67,1
1074,104,2258,1345,0.03,0.61,0.36,1
1098,336,771,0,0.3,0.7,0,1
1099,160,3159,1512,0.03,0.65,0.31,1
1100,188,3371,1292,0.04,0.69,0.27,1
1101,16,2181,3972,0,0.35,0.64,1
1102,0,2821,3740,0,0.43,0.57,1
1103,0,4188,2373,0,0.64,0.36,1
1104,160,4897,1504,0.02,0.75,0.23,1
1105,1360,2098,0,0.39,0.61,0,1
1111,3303,60,0,0.98,0.02,0,1
1112,6217,344,0,0.95,0.05,0,1
1113,4263,80,0,0.98,0.02,0,1
1121,48,422,120,0.08,0.72,0.2,1
1122,976,4921,56,0.16,0.83,0.01,1
1123,2631,3646,284,0.4,0.56,0.04,1
1124,1390,4151,1020,0.21,0.63,0.16,1
1125,98,5763,700,0.01,0.88,0.11,1
1126,164,5213,1184,0.02,0.79,0.18,1
1127,1042,2591,328,0.26,0.65,0.08,1
1150,36,216,0,0.14,0.86,0,1
1151,763,4425,812,0.13,0.74,0.14,1
1152,0,4045,2516,0,0.62,0.38,1
1153,696,1453,4412,0.11,0.22,0.67,1
1154,652,2505,3404,0.1,0.38,0.52,1
1155,196,4206,2159,0.03,0.64,0.33,1
1156,64,4321,2176,0.01,0.66,0.33,1
1157,108,6421,32,0.02,0.98,0,1
1158,2947,3578,0,0.45,0.55,0,1
1159,1849,24,0,0.99,0.01,0,1
1161,2043,92,0,0.96,0.04,0,1
1162,3957,0,0,1,0,0,1
1163,4433,0,0,1,0,0,1
1164,6401,0,0,1,0,0,1
1165,6036,32,0,0.99,0.01,0,1
1166,1532,0,0,1,0,0,1
1174,2074,1854,0,0.53,0.47,0,1
1175,112,6389,60,0.02,0.97,0.01,1
1176,1653,4812,96,0.25,0.73,0.01,1
1177,1158,4555,848,0.18,0.69,0.13,1
1178,826,4899,836,0.13,0.75,0.13,1
1179,140,5137,1284,0.02,0.78,0.2,1
1180,1226,4075,904,0.2,0.66,0.15,1
1181,282,240,0,0.54,0.46,0,1
1200,0,96,0,0,1,0,1
1201,0,848,184,0,0.82,0.18,1
1202,8,444,494,0.01,0.47,0.52,1
1203,1568,270,0,0.85,0.15,0,1
1204,3341,3025,160,0.51,0.46,0.02,1
1205,16,5133,1412,0,0.78,0.22,1
1206,264,3429,2868,0.04,0.52,0.44,1
1207,32,4553,1976,0,0.69,0.3,1
1208,0,5180,1381,0,0.79,0.21,1
1209,0,4877,1684,0,0.74,0.26,1
1210,214,6347,0,0.03,0.97,0,1
1211,1277,5284,0,0.19,0.81,0,1
1212,4561,1780,0,0.72,0.28,0,1
1213,3410,1340,0,0.72,0.28,0,1
1214,4909,1430,0,0.77,0.23,0,1
1215,6363,198,0,0.97,0.03,0,1
1216,6529,32,0,1,0,0,1
1217,5111,0,0,1,0,0,1
1218,612,0,0,1,0,0,1
1226,32,688,0,0.04,0.96,0,1
1227,3539,1926,0,0.65,0.35,0,1
1228,1900,2957,0,0.39,0.61,0,1
1229,164,6317,80,0.02,0.96,0.01,1
1230,1112,4953,496,0.17,0.75,0.08,1
1231,292,4781,1488,0.04,0.73,0.23,1
1232,748,5469,344,0.11,0.83,0.05,1
1233,1020,2671,396,0.25,0.65,0.1,1
1252,284,504,0,0.36,0.64,0,1
1253,740,1408,0,0.34,0.66,0,1
1254,2044,1212,440,0.55,0.33,0.12,1
1255,2236,2680,1643,0.34,0.41,0.25,1
1256,220,3915,2412,0.03,0.6,0.37,1
1257,68,1645,4848,0.01,0.25,0.74,1
1258,112,4085,2364,0.02,0.62,0.36,1
1259,0,4641,1920,0,0.71,0.29,1
1260,96,6089,376,0.01,0.93,0.06,1
1261,428,5909,224,0.07,0.9,0.03,1
1262,804,5753,4,0.12,0.88,0,1
1263,2165,4396,0,0.33,0.67,0,1
1264,4902,1659,0,0.75,0.25,0,1
1265,6285,276,0,0.96,0.04,0,1
1266,6065,496,0,0.92,0.08,0,1
1267,4678,1767,0,0.73,0.27,0,1
1268,2876,1237,0,0.7,0.3,0,1
1269,1493,32,0,0.98,0.02,0,1
1280,572,368,0,0.61,0.39,0,1
1282,460,492,0,0.48,0.52,0,1
1283,488,4678,392,0.09,0.84,0.07,1
1284,104,6209,248,0.02,0.95,0.04,1
1285,1592,4532,44,0.26,0.73,0.01,1
1286,476,176,0,0.73,0.27,0,1
1306,6430,131,0,0.98,0.02,0,1
1307,4244,2237,80,0.65,0.34,0.01,1
1308,1136,3321,2104,0.17,0.51,0.32,1
1309,128,5833,600,0.02,0.89,0.09,1
1310,260,6117,184,0.04,0.93,0.03,1
1311,0,6185,376,0,0.94,0.06,1
1312,360,5745,456,0.05,0.88,0.07,1
1313,1677,4724,160,0.26,0.72,0.02,1
1314,1970,4591,0,0.3,0.7,0,1
1315,2968,3593,0,0.45,0.55,0,1
1316,5265,1296,0,0.8,0.2,0,1
1317,6277,284,0,0.96,0.04,0,1
1318,6417,32,0,1,0,0,1
1319,4596,128,0,0.97,0.03,0,1
1320,1136,272,0,0.81,0.19,0,1
1336,64,54,0,0.54,0.46,0,1
1337,781,1735,0,0.31,0.69,0,1
1338,764,840,0,0.48,0.52,0,1
1354,1888,80,0,0.96,0.04,0,1
1355,1223,452,44,0.71,0.26,0.03,1
1356,613,1745,581,0.21,0.59,0.2,1
1357,1340,1236,659,0.41,0.38,0.2,1
1358,2398,3599,372,0.38,0.57,0.06,1
1359,2996,3153,412,0.46,0.48,0.06,1
1360,2216,3928,417,0.34,0.6,0.06,1
1361,196,5013,1352,0.03,0.76,0.21,1
1362,336,6177,48,0.05,0.94,0.01,1
1363,96,6125,340,0.01,0.93,0.05,1
1364,464,5321,776,0.07,0.81,0.12,1
1365,3249,3296,16,0.5,0.5,0,1
1366,5886,675,0,0.9,0.1,0,1
1367,5806,755,0,0.88,0.12,0,1
1368,5550,863,0,0.87,0.13,0,1
1369,4474,64,0,0.99,0.01,0,1
1370,2173,0,0,1,0,0,1
1371,431,0,0,1,0,0,1
1405,1916,32,0,0.98,0.02,0,1
1406,4508,0,0,1,0,0,1
1407,4572,1264,624,0.71,0.2,0.1,1
1408,1165,4040,1356,0.18,0.62,0.21,1
1409,1011,3967,1583,0.15,0.6,0.24,1
1410,2164,3044,1353,0.33,0.46,0.21,1
1411,1076,3529,1956,0.16,0.54,0.3,1
1412,1008,3273,2280,0.15,0.5,0.35,1
1413,360,1870,4331,0.05,0.29,0.66,1
1414,536,5121,904,0.08,0.78,0.14,1
1415,24,6413,124,0,0.98,0.02,1
1416,112,5785,664,0.02,0.88,0.1,1
1417,4000,2561,0,0.61,0.39,0,1
1418,6487,74,0,0.99,0.01,0,1
1419,6545,16,0,1,0,0,1
1420,3845,0,0,1,0,0,1
1421,601,0,0,1,0,0,1
1456,228,0,0,1,0,0,1
1457,2943,296,0,0.91,0.09,0,1
1458,4088,2325,36,0.63,0.36,0.01,1
1459,2296,3903,362,0.35,0.59,0.06,1
1460,380,3698,2483,0.06,0.56,0.38,1
1461,1296,3827,1438,0.2,0.58,0.22,1
1462,189,4274,2098,0.03,0.65,0.32,1
1463,199,3380,2982,0.03,0.52,0.45,1
1464,0,992,5569,0,0.15,0.85,1
1465,80,4448,2033,0.01,0.68,0.31,1
1466,16,5176,1369,0,0.79,0.21,1
1467,0,6323,238,0,0.96,0.04,1
1468,0,6413,148,0,0.98,0.02,1
1469,1089,5424,48,0.17,0.83,0.01,1
1470,5697,864,0,0.87,0.13,0,1
1471,4774,1619,168,0.73,0.25,0.03,1
1472,2372,3893,296,0.36,0.59,0.05,1
1473,768,2952,656,0.18,0.67,0.15,1
1474,16,666,68,0.02,0.89,0.09,1
1508,231,0,0,1,0,0,1
1509,2451,1272,0,0.66,0.34,0,1
1510,3284,3261,0,0.5,0.5,0,1
1511,5228,1333,0,0.8,0.2,0,1
1512,1340,4241,980,0.2,0.65,0.15,1
1513,16,3064,3481,0,0.47,0.53,1
1514,27,1524,5010,0,0.23,0.76,1
1515,1355,904,4302,0.21,0.14,0.66,1
1516,487,1064,5010,0.07,0.16,0.76,1
1517,0,870,5691,0,0.13,0.87,1
1518,16,4179,2366,0,0.64,0.36,1
1519,0,3859,2702,0,0.59,0.41,1
1520,8,5479,1074,0,0.84,0.16,1
1521,424,6108,8,0.06,0.93,0,1
1522,2282,2508,0,0.48,0.52,0,1
1523,2794,756,0,0.79,0.21,0,1
1524,1732,1678,0,0.51,0.49,0,1
1525,1588,1806,172,0.45,0.51,0.05,1
1526,108,3426,644,0.03,0.82,0.15,1
1527,368,1178,40,0.23,0.74,0.03,1
1560,1096,200,0,0.85,0.15,0,1
1561,613,5460,32,0.1,0.89,0.01,1
1562,1285,5276,0,0.2,0.8,0,1
1563,2174,4387,0,0.33,0.67,0,1
1564,1776,4785,0,0.27,0.73,0,1
1565,32,4073,2456,0,0.62,0.37,1
1566,176,1835,4550,0.03,0.28,0.69,1
1567,309,2112,4140,0.05,0.32,0.63,1
1568,1165,1779,3617,0.18,0.27,0.55,1
1569,121,2273,4167,0.02,0.35,0.64,1
1570,480,3352,2729,0.07,0.51,0.42,1
1571,0,2847,3714,0,0.43,0.57,1
1572,544,5849,168,0.08,0.89,0.03,1
1573,593,4724,0,0.11,0.89,0,1
1574,584,258,0,0.69,0.31,0,1
1609,0,120,0,0,1,0,1
1610,48,400,0,0.11,0.89,0,1
1611,1136,776,0,0.59,0.41,0,1
1612,2186,692,0,0.76,0.24,0,1
1613,3832,2135,0,0.64,0.36,0,1
1614,2438,4123,0,0.37,0.63,0,1
1615,1518,4595,448,0.23,0.7,0.07,1
1616,2566,3995,0,0.39,0.61,0,1
1617,348,5221,992,0.05,0.8,0.15,1
1618,752,2567,3242,0.11,0.39,0.49,1
1619,0,1228,5333,0,0.19,0.81,1
1620,176,2348,4037,0.03,0.36,0.62,1
1621,192,2793,3576,0.03,0.43,0.55,1
1622,112,2095,4354,0.02,0.32,0.66,1
1623,32,5541,988,0,0.84,0.15,1
1624,1052,5367,0,0.16,0.84,0,1
1625,400,2815,0,0.12,0.88,0,1
1659,80,0,0,1,0,0,1
1663,665,436,0,0.6,0.4,0,1
1664,2651,3312,0,0.44,0.56,0,1
1665,414,6147,0,0.06,0.94,0,1
1666,940,5621,0,0.14,0.86,0,1
1667,2326,4235,0,0.35,0.65,0,1
1668,1344,5217,0,0.2,0.8,0,1
1669,348,5749,464,0.05,0.88,0.07,1
1670,656,4346,1559,0.1,0.66,0.24,1
1671,192,2226,4143,0.03,0.34,0.63,1
1672,48,1320,5193,0.01,0.2,0.79,1
1673,32,2380,4149,0,0.36,0.63,1
1674,0,184,6377,0,0.03,0.97,1
1675,0,5024,1537,0,0.77,0.23,1
1676,488,5827,16,0.08,0.92,0,1
1677,512,980,0,0.34,0.66,0,1
1712,20,635,240,0.02,0.71,0.27,1
1713,416,1305,0,0.24,0.76,0,1
1715,776,1821,12,0.3,0.7,0,1
1716,4632,1437,0,0.76,0.24,0,1
1717,1184,5361,16,0.18,0.82,0,1
1718,4,6173,384,0,0.94,0.06,1
1719,132,5753,676,0.02,0.88,0.1,1
1720,552,5929,80,0.08,0.9,0.01,1
1721,152,6297,112,0.02,0.96,0.02,1
1722,512,5969,80,0.08,0.91,0.01,1
1723,553,4887,1121,0.08,0.74,0.17,1
1724,959,1441,4161,0.15,0.22,0.63,1
1725,64,1268,5229,0.01,0.19,0.8,1
1726,32,433,6096,0,0.07,0.93,1
1727,0,2006,4555,0,0.31,0.69,1
1728,432,5629,500,0.07,0.86,0.08,1
1729,1220,2287,0,0.35,0.65,0,1
1764,208,0,0,1,0,0,1
1767,2432,1544,16,0.61,0.39,0,1
1768,1464,4905,8,0.23,0.77,0,1
1769,1132,5125,304,0.17,0.78,0.05,1
1770,268,6229,64,0.04,0.95,0.01,1
1771,384,6161,16,0.06,0.94,0,1
1772,256,6233,72,0.04,0.95,0.01,1
1773,1206,5231,124,0.18,0.8,0.02,1
1774,1874,4639,48,0.29,0.71,0.01,1
1775,1572,4925,64,0.24,0.75,0.01,1
1776,2883,2600,1078,0.44,0.4,0.16,1
1777,161,2152,4248,0.02,0.33,0.65,1
1778,0,1696,4865,0,0.26,0.74,1
1779,0,3089,3472,0,0.47,0.53,1
1780,80,5692,789,0.01,0.87,0.12,1
1781,80,6473,0,0.01,0.99,0,1
1782,312,656,0,0.32,0.68,0,1
1820,2524,2508,0,0.5,0.5,0,1
1821,48,6465,48,0.01,0.99,0.01,1
1822,116,6117,328,0.02,0.93,0.05,1
1823,460,6101,0,0.07,0.93,0,1
1824,241,6320,0,0.04,0.96,0,1
1825,1061,5500,0,0.16,0.84,0,1
1826,3650,2383,528,0.56,0.36,0.08,1
1827,1078,3837,1646,0.16,0.58,0.25,1
1828,396,5195,970,0.06,0.79,0.15,1
1829,432,4939,1190,0.07,0.75,0.18,1
1830,268,2477,3816,0.04,0.38,0.58,1
1831,0,3392,3169,0,0.52,0.48,1
1832,427,5478,656,0.07,0.83,0.1,1
1833,1105,5456,0,0.17,0.83,0,1
1834,1408,3197,0,0.31,0.69,0,1
1872,1154,1840,0,0.39,0.61,0,1
1873,849,5712,0,0.13,0.87,0,1
1874,272,6273,16,0.04,0.96,0,1
1875,316,6245,0,0.05,0.95,0,1
1876,232,6249,80,0.04,0.95,0.01,1
1877,104,5329,1128,0.02,0.81,0.17,1
1878,672,5494,395,0.1,0.84,0.06,1
1879,1192,3400,1969,0.18,0.52,0.3,1
1880,1384,3751,1426,0.21,0.57,0.22,1
1881,56,3627,2878,0.01,0.55,0.44,1
1882,0,2177,4384,0,0.33,0.67,1
1883,0,4445,2116,0,0.68,0.32,1
1884,0,5877,684,0,0.9,0.1,1
1885,917,5596,48,0.14,0.85,0.01,1
1886,1227,5215,0,0.19,0.81,0,1
1887,816,344,0,0.7,0.3,0,1
1913,100,839,12,0.11,0.88,0.01,1
1925,4823,339,0,0.93,0.07,0,1
1926,4543,1806,212,0.69,0.28,0.03,1
1927,3652,2909,0,0.56,0.44,0,1
1928,1281,5248,32,0.2,0.8,0,1
1929,1023,5506,32,0.16,0.84,0,1
1930,64,5319,1178,0.01,0.81,0.18,1
1931,12,2184,4365,0,0.33,0.67,1
1932,36,2564,3961,0.01,0.39,0.6,1
1933,0,2802,3759,0,0.43,0.57,1
1934,0,4307,2254,0,0.66,0.34,1
1935,0,6225,336,0,0.95,0.05,1
1936,166,5975,420,0.03,0.91,0.06,1
1937,1359,4822,0,0.22,0.78,0,1
1938,1199,1792,0,0.4,0.6,0,1
1939,169,369,0,0.31,0.69,0,1
1965,0,80,100,0,0.44,0.56,1
1966,0,1797,2876,0,0.38,0.62,1
1967,172,2415,3544,0.03,0.39,0.58,1
1968,160,2960,452,0.04,0.83,0.13,1
1977,1120,384,156,0.67,0.23,0.09,1
1978,1772,2430,2256,0.27,0.38,0.35,1
1979,1672,3201,1688,0.25,0.49,0.26,1
1980,1524,2893,2144,0.23,0.44,0.33,1
1981,2427,2350,1784,0.37,0.36,0.27,1
1982,373,5188,1000,0.06,0.79,0.15,1
1983,236,4023,2302,0.04,0.61,0.35,1
1984,0,392,6169,0,0.06,0.94,1
1985,0,2421,4140,0,0.37,0.63,1
1986,0,4825,1736,0,0.74,0.26,1
1987,276,5477,232,0.05,0.92,0.04,1
1988,1328,4473,0,0.23,0.77,0,1
1989,1232,2521,0,0.33,0.67,0,1
1990,356,409,0,0.47,0.53,0,1
2016,0,0,377,0,0,1,1
2017,0,0,2397,0,0,1,1
2018,0,0,3933,0,0,1,1
2019,0,0,4001,0,0,1,1
2020,0,212,6349,0,0.03,0.97,1
2021,240,1820,4501,0.04,0.28,0.69,1
2022,346,2268,911,0.1,0.64,0.26,1
2027,32,677,0,0.05,0.95,0,1
2028,16,3263,586,0,0.84,0.15,1
2029,1020,4416,397,0.17,0.76,0.07,1
2030,304,3496,2745,0.05,0.53,0.42,1
2031,0,1264,5297,0,0.19,0.81,1
2032,0,1036,5525,0,0.16,0.84,1
2033,0,1325,5236,0,0.2,0.8,1
2034,0,3161,3400,0,0.48,0.52,1
2035,0,3481,3080,0,0.53,0.47,1
2036,0,3109,3452,0,0.47,0.53,1
2037,0,4513,2048,0,0.69,0.31,1
2038,1360,4977,224,0.21,0.76,0.03,1
2039,3661,2900,0,0.56,0.44,0,1
2040,4422,1008,0,0.81,0.19,0,1
2041,736,0,0,1,0,0,1
2069,0,0,4525,0,0,1,1
2070,0,28,6533,0,0,1,1
2071,1760,1056,3745,0.27,0.16,0.57,1
2072,3903,1376,1282,0.59,0.21,0.2,1
2073,1138,3237,2186,0.17,0.49,0.33,1
2074,0,2859,3702,0,0.44,0.56,1
2075,12,4463,2086,0,0.68,0.32,1
2076,292,2830,1541,0.06,0.61,0.33,1
2077,232,1295,804,0.1,0.56,0.34,1
2078,232,1993,742,0.08,0.67,0.25,1
2079,108,2844,1787,0.02,0.6,0.38,1
2080,192,2255,3914,0.03,0.35,0.62,1
2081,0,2549,4012,0,0.39,0.61,1
2082,80,2084,4397,0.01,0.32,0.67,1
2083,0,1051,5510,0,0.16,0.84,1
2084,0,2366,4195,0,0.36,0.64,1
2085,0,4407,2154,0,0.67,0.33,1
2086,0,5345,1216,0,0.81,0.19,1
2087,280,5541,740,0.04,0.84,0.11,1
2088,220,5933,408,0.03,0.9,0.06,1
2089,1815,4734,12,0.28,0.72,0,1
2090,4415,2146,0,0.67,0.33,0,1
2091,6463,98,0,0.99,0.01,0,1
2092,6561,0,0,1,0,0,1
2093,1802,0,0,1,0,0,1
2122,0,0,3897,0,0,1,1
2123,0,168,6393,0,0.03,0.97,1
2124,2448,1264,2849,0.37,0.19,0.43,1
2125,6313,248,0,0.96,0.04,0,1
2126,1938,4619,4,0.3,0.7,0,1
2127,116,5073,1372,0.02,0.77,0.21,1
2128,16,5549,996,0,0.85,0.15,1
2129,320,5354,887,0.05,0.82,0.14,1
2130,144,3605,2812,0.02,0.55,0.43,1
2131,0,2419,4142,0,0.37,0.63,1
2132,0,252,6309,0,0.04,0.96,1
2133,0,1620,4941,0,0.25,0.75,1
2134,0,3346,3215,0,0.51,0.49,1
2135,0,4230,2331,0,0.64,0.36,1
2136,120,4505,1936,0.02,0.69,0.3,1
2137,1840,4371,350,0.28,0.67,0.05,1
2138,2684,3604,273,0.41,0.55,0.04,1
2139,4976,1585,0,0.76,0.24,0,1
2140,6204,357,0,0.95,0.05,0,1
2141,6432,129,0,0.98,0.02,0,1
2142,6561,0,0,1,0,0,1
2143,6561,0,0,1,0,0,1
2144,6561,0,0,1,0,0,1
2145,6505,0,0,1,0,0,1
2146,594,0,0,1,0,0,1
2174,0,16,744,0,0.02,0.98,1
2175,0,0,3801,0,0,1,1
2176,113,633,5815,0.02,0.1,0.89,1
2177,6019,488,54,0.92,0.07,0.01,1
2178,6561,0,0,1,0,0,1
2179,4182,2379,0,0.64,0.36,0,1
2180,636,5925,0,0.1,0.9,0,1
2181,1084,5477,0,0.17,0.83,0,1
2182,5201,1360,0,0.79,0.21,0,1
2183,5208,1353,0,0.79,0.21,0,1
2184,826,5367,368,0.13,0.82,0.06,1
2185,0,3724,2837,0,0.57,0.43,1
2186,8,4897,1656,0,0.75,0.25,1
2187,1092,4629,840,0.17,0.71,0.13,1
2188,2206,3875,480,0.34,0.59,0.07,1
2189,4697,1864,0,0.72,0.28,0,1
2190,6561,0,0,1,0,0,1
2191,6561,0,0,1,0,0,1
2192,6561,0,0,1,0,0,1
2193,6561,0,0,1,0,0,1
2194,6561,0,0,1,0,0,1
2195,6561,0,0,1,0,0,1
2196,6561,0,0,1,0,0,1
2197,6561,0,0,1,0,0,1
2198,6529,0,0,1,0,0,1
2199,3288,0,0,1,0,0,1
2227,0,80,3988,0,0.02,0.98,1
2228,0,84,6345,0,0.01,0.99,1
2229,80,476,6005,0.01,0.07,0.92,1
2230,1832,2600,2129,0.28,0.4,0.32,1
2231,5501,1056,4,0.84,0.16,0,1
2232,2462,4055,44,0.38,0.62,0.01,1
2233,132,6429,0,0.02,0.98,0,1
2234,414,6147,0,0.06,0.94,0,1
2235,4487,2074,0,0.68,0.32,0,1
2236,6155,406,0,0.94,0.06,0,1
2237,6325,236,0,0.96,0.04,0,1
2238,3563,2998,0,0.54,0.46,0,1
2239,4795,1766,0,0.73,0.27,0,1
2240,6547,14,0,1,0,0,1
2241,6561,0,0,1,0,0,1
2242,6561,0,0,1,0,0,1
2243,6561,0,0,1,0,0,1
2244,6561,0,0,1,0,0,1
2245,6561,0,0,1,0,0,1
2246,6561,0,0,1,0,0,1
2247,6561,0,0,1,0,0,1
2248,6561,0,0,1,0,0,1
2249,6561,0,0,1,0,0,1
2250,6561,0,0,1,0,0,1
2251,6561,0,0,1,0,0,1
2252,2736,0,0,1,0,0,1
2281,0,0,693,0,0,1,1
2282,0,0,5305,0,0,1,1
2283,80,560,5921,0.01,0.09,0.9,1
2284,4161,1644,756,0.63,0.25,0.12,1
2285,5140,1421,0,0.78,0.22,0,1
2286,5979,582,0,0.91,0.09,0,1
2287,6458,103,0,0.98,0.02,0,1
2288,6561,0,0,1,0,0,1
2289,6561,0,0,1,0,0,1
2290,6545,16,0,1,0,0,1
2291,6545,16,0,1,0,0,1
2292,6473,88,0,0.99,0.01,0,1
2293,6561,0,0,1,0,0,1
2294,6561,0,0,1,0,0,1
2295,6561,0,0,1,0,0,1
2296,6545,16,0,1,0,0,1
2297,5917,644,0,0.9,0.1,0,1
2298,5985,576,0,0.91,0.09,0,1
2299,6561,0,0,1,0,0,1
2300,6561,0,0,1,0,0,1
2301,6269,292,0,0.96,0.04,0,1
2302,5145,1416,0,0.78,0.22,0,1
2303,6561,0,0,1,0,0,1
2304,4165,0,0,1,0,0,1
2305,350,0,0,1,0,0,1
2334,0,16,1366,0,0.01,0.99,1
2335,0,32,5972,0,0.01,0.99,1
2336,0,0,6561,0,0,1,1
2337,27,604,5930,0,0.09,0.9,1
2338,1353,2330,2878,0.21,0.36,0.44,1
2339,2888,3319,354,0.44,0.51,0.05,1
2340,5919,642,0,0.9,0.1,0,1
2341,6067,494,0,0.92,0.08,0,1
2342,6223,338,0,0.95,0.05,0,1
2343,6561,0,0,1,0,0,1
2344,6561,0,0,1,0,0,1
2345,6425,136,0,0.98,0.02,0,1
2346,6561,0,0,1,0,0,1
2347,6065,496,0,0.92,0.08,0,1
2348,5539,990,32,0.84,0.15,0,1
2349,3927,1984,650,0.6,0.3,0.1,1
2350,4395,2164,2,0.67,0.33,0,1
2351,3223,2970,368,0.49,0.45,0.06,1
2352,1719,3484,1358,0.26,0.53,0.21,1
2353,1415,3740,1406,0.22,0.57,0.21,1
2354,2951,3610,0,0.45,0.55,0,1
2355,6457,104,0,0.98,0.02,0,1
2356,6561,0,0,1,0,0,1
2357,6351,0,0,1,0,0,1
2358,3574,0,0,1,0,0,1
2359,2850,0,0,1,0,0,1
2360,1458,0,0,1,0,0,1
2364,152,184,0,0.45,0.55,0,1
2365,16,168,0,0.09,0.91,0,1
2386,0,0,724,0,0,1,1
2387,0,48,5669,0,0.01,0.99,1
2388,0,136,6425,0,0.02,0.98,1
2389,48,276,6237,0.01,0.04,0.95,1
2390,0,336,6225,0,0.05,0.95,1
2391,0,0,6561,0,0,1,1
2392,0,512,6049,0,0.08,0.92,1
2393,252,3528,2781,0.04,0.54,0.42,1
2394,2261,3768,532,0.34,0.57,0.08,1
2395,2455,4106,0,0.37,0.63,0,1
2396,3566,2745,38,0.56,0.43,0.01,1
2397,2838,3117,606,0.43,0.48,0.09,1
2398,1930,3384,1247,0.29,0.52,0.19,1
2399,2550,1960,2051,0.39,0.3,0.31,1
2400,674,2860,3027,0.1,0.44,0.46,1
2401,564,2410,3587,0.09,0.37,0.55,1
2402,0,1052,5509,0,0.16,0.84,1
2403,352,1368,4841,0.05,0.21,0.74,1
2404,908,1862,3791,0.14,0.28,0.58,1
2405,0,1836,4725,0,0.28,0.72,1
2406,0,1280,5281,0,0.2,0.8,1
2407,2600,2435,1526,0.4,0.37,0.23,1
2408,3994,1508,1059,0.61,0.23,0.16,1
2409,5461,1077,23,0.83,0.16,0,1
2410,5589,972,0,0.85,0.15,0,1
2411,6561,0,0,1,0,0,1
2412,6561,0,0,1,0,0,1
2413,6561,0,0,1,0,0,1
2414,5329,0,0,1,0,0,1
2415,2759,0,0,1,0,0,1
2416,2686,324,0,0.89,0.11,0,1
2417,524,1536,0,0.25,0.75,0,1
2418,128,280,0,0.31,0.69,0,1
2440,0,0,780,0,0,1,1
2441,0,0,968,0,0,1,1
2442,0,0,2232,0,0,1,1
2443,0,32,3396,0,0.01,0.99,1
2444,0,0,3196,0,0,1,1
2445,0,0,6168,0,0,1,1
2446,20,1195,5346,0,0.18,0.81,1
2447,760,2212,3589,0.12,0.34,0.55,1
2448,396,2864,2596,0.07,0.49,0.44,1
2449,0,1016,1462,0,0.41,0.59,1
2450,376,2480,3705,0.06,0.38,0.56,1
2451,0,544,6017,0,0.08,0.92,1
2452,0,48,6513,0,0.01,0.99,1
2453,0,80,6481,0,0.01,0.99,1
2454,48,536,5977,0.01,0.08,0.91,1
2455,0,632,5929,0,0.1,0.9,1
2456,0,80,6481,0,0.01,0.99,1
2457,76,1212,5273,0.01,0.18,0.8,1
2458,48,2343,4170,0.01,0.36,0.64,1
2459,96,1573,4892,0.01,0.24,0.75,1
2460,32,2348,4181,0,0.36,0.64,1
2461,0,1388,5173,0,0.21,0.79,1
2462,381,3015,3165,0.06,0.46,0.48,1
2463,1039,3348,2174,0.16,0.51,0.33,1
2464,3052,2380,1129,0.47,0.36,0.17,1
2465,6125,352,84,0.93,0.05,0.01,1
2466,6561,0,0,1,0,0,1
2467,6561,0,0,1,0,0,1
2468,6437,124,0,0.98,0.02,0,1
2469,3359,1827,0,0.65,0.35,0,1
2470,76,184,0,0.29,0.71,0,1
2498,0,0,2576,0,0,1,1
2499,116,565,5880,0.02,0.09,0.9,1
2500,0,80,3551,0,0.02,0.98,1
2501,60,264,432,0.08,0.35,0.57,1
2503,228,416,3665,0.05,0.1,0.85,1
2504,268,1808,4485,0.04,0.28,0.68,1
2505,48,612,5861,0.01,0.09,0.9,1
2506,0,496,6057,0,0.08,0.92,1
2507,0,384,4977,0,0.07,0.93,1
2508,0,16,6545,0,0,1,1
2509,0,144,6417,0,0.02,0.98,1
2510,0,64,6497,0,0.01,0.99,1
2511,152,1461,4948,0.02,0.22,0.75,1
2512,96,1191,5274,0.01,0.18,0.8,1
2513,0,220,6341,0,0.03,0.97,1
2514,0,8,6553,0,0,1,1
2515,3,349,6209,0,0.05,0.95,1
2516,509,2048,4004,0.08,0.31,0.61,1
2517,40,1856,4665,0.01,0.28,0.71,1
2518,875,884,4802,0.13,0.13,0.73,1
2519,3063,1740,1758,0.47,0.27,0.27,1
2520,3731,2184,646,0.57,0.33,0.1,1
2521,2707,2112,1740,0.41,0.32,0.27,1
2522,325,2269,1544,0.08,0.55,0.37,1
2523,0,96,216,0,0.31,0.69,1
2552,0,24,2973,0,0.01,0.99,1
2553,0,24,678,0,0.03,0.97,1
2556,0,0,1235,0,0,1,1
2557,0,232,3614,0,0.06,0.94,1
2558,0,0,462,0,0,1,1
2559,0,8,1863,0,0,1,1
2560,0,0,3813,0,0,1,1
2561,0,12,6549,0,0,1,1
2562,0,0,6561,0,0,1,1
2563,0,40,6521,0,0.01,0.99,1
2564,0,1413,5148,0,0.22,0.78,1
2565,404,2811,3346,0.06,0.43,0.51,1
2566,0,784,5777,0,0.12,0.88,1
2567,0,224,6337,0,0.03,0.97,1
2568,0,28,6533,0,0,1,1
2569,0,112,6449,0,0.02,0.98,1
2570,0,32,6529,0,0,1,1
2571,0,16,6545,0,0,1,1
2572,0,456,6105,0,0.07,0.93,1
2573,48,1696,4817,0.01,0.26,0.73,1
2574,0,396,6163,0,0.06,0.94,1
2575,0,24,4453,0,0.01,0.99,1
2576,0,168,792,0,0.18,0.83,1
2613,0,64,1768,0,0.03,0.97,1
2614,0,0,1951,0,0,1,1
2615,96,404,5717,0.02,0.06,0.92,1
2616,16,380,6165,0,0.06,0.94,1
2617,0,328,6233,0,0.05,0.95,1
2618,272,1064,5225,0.04,0.16,0.8,1
2619,0,864,5697,0,0.13,0.87,1
2620,0,316,6245,0,0.05,0.95,1
2621,0,317,6244,0,0.05,0.95,1
2622,0,387,6174,0,0.06,0.94,1
2623,0,80,5898,0,0.01,0.99,1
2624,0,176,3968,0,0.04,0.96,1
2625,0,0,3136,0,0,1,1
2626,0,32,2260,0,0.01,0.99,1
2627,0,0,1348,0,0,1,1
2628,0,0,1000,0,0,1,1
2668,0,44,3071,0,0.01,0.99,1
2669,0,16,1655,0,0.01,0.99,1
2670,0,0,1920,0,0,1,1
2671,0,0,6286,0,0,1,1
2672,0,48,6492,0,0.01,0.99,1
2673,0,256,6293,0,0.04,0.96,1
2674,0,543,6018,0,0.08,0.92,1
2675,0,113,5386,0,0.02,0.98,1
2676,0,0,928,0,0,1,1
2725,0,0,530,0,0,1,1
2726,0,0,625,0,0,1,1
2727,0,0,1513,0,0,1,1
2728,0,0,1963,0,0,1,1