GRID_OID,ROCK,NON_ROCK,ROCK_S,NON_ROCK_S,TOTAL_S
289,0,768,0,1,1
290,0,256,0,1,1
300,0,256,0,1,1
301,1040,1296,0.45,0.55,1
302,2336,1552,0.6,0.4,1
303,1840,1296,0.59,0.41,1
353,256,3648,0.07,0.93,1
354,4225,2336,0.64,0.36,1
355,6561,0,1,0,1
356,5489,544,0.91,0.09,1
357,1280,0,1,0,1
402,0,256,0,1,1
403,1040,2080,0.33,0.67,1
404,1824,3360,0.35,0.65,1
405,1296,4432,0.23,0.77,1
406,784,5777,0.12,0.88,1
407,2608,3953,0.4,0.6,1
408,5200,1361,0.79,0.21,1
409,6561,0,1,0,1
410,1345,0,1,0,1
454,528,2592,0.17,0.83,1
455,0,6289,0,1,1
456,2113,4448,0.32,0.68,1
457,1344,5217,0.2,0.8,1
458,1552,5009,0.24,0.76,1
459,256,6305,0.04,0.96,1
460,1840,4721,0.28,0.72,1
461,2129,4432,0.32,0.68,1
462,1312,2657,0.33,0.67,1
504,2320,784,0.75,0.25,1
505,1824,3360,0.35,0.65,1
506,1841,4448,0.29,0.71,1
507,2320,4241,0.35,0.65,1
508,3376,3185,0.51,0.49,1
509,256,6305,0.04,0.96,1
510,1040,5521,0.16,0.84,1
511,256,6305,0.04,0.96,1
512,784,5777,0.12,0.88,1
513,1824,4737,0.28,0.72,1
514,4704,1857,0.72,0.28,1
515,6289,0,1,0,1
516,0,512,0,1,1
556,256,0,1,0,1
557,2369,4192,0.36,0.64,1
558,1040,5521,0.16,0.84,1
559,2624,3937,0.4,0.6,1
560,512,6049,0.08,0.92,1
561,1024,5537,0.16,0.84,1
562,1552,5009,0.24,0.76,1
563,1824,4737,0.28,0.72,1
564,3392,3169,0.52,0.48,1
565,2080,4481,0.32,0.68,1
566,2848,3713,0.43,0.57,1
567,6305,256,0.96,0.04,1
568,4753,1808,0.72,0.28,1
569,1296,2096,0.38,0.62,1
571,784,0,1,0,1
572,1296,0,1,0,1
610,817,1584,0.34,0.66,1
611,2624,817,0.76,0.24,1
612,2080,1873,0.53,0.47,1
613,4721,1584,0.75,0.25,1
614,2352,1105,0.68,0.32,1
615,544,0,1,0,1
616,0,1361,0,1,1
617,0,1377,0,1,1
618,1344,289,0.82,0.18,1
619,1857,1328,0.58,0.42,1
620,3457,2064,0.63,0.37,1
621,2096,2913,0.42,0.58,1
622,1296,5265,0.2,0.8,1
623,1312,1024,0.56,0.44,1
624,4513,1536,0.75,0.25,1
625,3185,3376,0.49,0.51,1
626,2064,272,0.88,0.12,1
666,272,0,1,0,1
674,256,0,1,0,1
675,272,0,1,0,1
676,1873,272,0.87,0.13,1
677,1601,544,0.75,0.25,1
678,768,5793,0.12,0.88,1
679,1601,4688,0.25,0.75,1
680,1568,1024,0.6,0.4,1
725,256,0,1,0,1
726,528,0,1,0,1
731,2336,2929,0.44,0.56,1
732,256,6305,0.04,0.96,1
733,2385,4176,0.36,0.64,1
734,768,528,0.59,0.41,1
772,256,0,1,0,1
784,1889,0,1,0,1
785,2368,2113,0.53,0.47,1
786,2352,4209,0.36,0.64,1
787,1552,272,0.85,0.15,1
803,1024,0,1,0,1
804,2576,0,1,0,1
805,5456,0,1,0,1
806,2608,0,1,0,1
838,2848,1840,0.61,0.39,1
839,2608,3953,0.4,0.6,1
840,4465,2096,0.68,0.32,1
841,1280,3904,0.25,0.75,1
842,1552,2608,0.37,0.63,1
856,1040,0,1,0,1
857,5489,800,0.87,0.13,1
858,6561,0,1,0,1
859,4481,256,0.95,0.05,1
860,1024,1824,0.36,0.64,1
861,4928,0,1,0,1
862,512,0,1,0,1
890,256,0,1,0,1
891,4737,1824,0.72,0.28,1
892,833,5728,0.13,0.87,1
893,768,5793,0.12,0.88,1
894,3408,3153,0.52,0.48,1
895,544,3681,0.13,0.87,1
909,512,0,1,0,1
910,6305,256,0.96,0.04,1
911,6305,256,0.96,0.04,1
912,3441,3120,0.52,0.48,1
913,4721,1840,0.72,0.28,1
914,6561,0,1,0,1
915,1296,768,0.63,0.37,1
943,2096,512,0.8,0.2,1
944,4481,2080,0.68,0.32,1
945,1824,4737,0.28,0.72,1
946,3120,3441,0.48,0.52,1
947,3697,2352,0.61,0.39,1
948,784,1857,0.3,0.7,1
963,3169,1824,0.63,0.37,1
964,4464,2097,0.68,0.32,1
965,784,5777,0.12,0.88,1
966,4225,2336,0.64,0.36,1
967,6017,544,0.92,0.08,1
968,2608,256,0.91,0.09,1
995,512,0,1,0,1
996,6305,256,0.96,0.04,1
997,3697,2864,0.56,0.44,1
998,2417,3888,0.38,0.62,1
999,1377,1296,0.52,0.48,1
1000,0,800,0,1,1
1015,0,512,0,1,1
1016,256,3904,0.06,0.94,1
1017,4225,2336,0.64,0.36,1
1018,3376,3185,0.51,0.49,1
1019,5761,800,0.88,0.12,1
1020,6561,0,1,0,1
1021,3697,528,0.88,0.12,1
1048,2336,0,1,0,1
1049,6561,0,1,0,1
1050,4993,1568,0.76,0.24,1
1051,2064,4225,0.33,0.67,1
1052,768,256,0.75,0.25,1
1058,768,0,1,0,1
1059,3888,0,1,0,1
1060,2064,0,1,0,1
1069,2352,3185,0.42,0.58,1
1070,5184,1377,0.79,0.21,1
1071,6561,0,1,0,1
1072,6561,0,1,0,1
1073,6561,0,1,0,1
1074,3120,561,0.85,0.15,1
1098,784,512,0.6,0.4,1
1099,3632,1056,0.77,0.23,1
1100,4672,0,1,0,1
1101,5265,1024,0.84,0.16,1
1102,6561,0,1,0,1
1103,5472,1089,0.83,0.17,1
1104,6033,528,0.92,0.08,1
1105,2080,1312,0.61,0.39,1
1111,3392,0,1,0,1
1112,6561,0,1,0,1
1113,3936,0,1,0,1
1121,512,0,1,0,1
1122,5777,0,1,0,1
1123,6561,0,1,0,1
1124,6289,272,0.96,0.04,1
1125,6561,0,1,0,1
1126,5777,784,0.88,0.12,1
1127,2864,1040,0.73,0.27,1
1150,0,272,0,1,1
1151,5249,800,0.87,0.13,1
1152,6561,0,1,0,1
1153,5537,1024,0.84,0.16,1
1154,5793,768,0.88,0.12,1
1155,5537,1024,0.84,0.16,1
1156,5777,784,0.88,0.12,1
1157,1889,4672,0.29,0.71,1
1158,1089,5472,0.17,0.83,1
1159,512,1296,0.28,0.72,1
1161,2336,0,1,0,1
1162,3888,0,1,0,1
1163,4144,0,1,0,1
1164,6289,0,1,0,1
1165,5793,0,1,0,1
1166,1345,256,0.84,0.16,1
1174,3888,0,1,0,1
1175,6561,0,1,0,1
1176,6561,0,1,0,1
1177,6561,0,1,0,1
1178,6561,0,1,0,1
1179,6561,0,1,0,1
1180,4481,1568,0.74,0.26,1
1181,256,272,0.48,0.52,1
1200,512,0,1,0,1
1201,1040,0,1,0,1
1202,1040,0,1,0,1
1203,784,1024,0.43,0.57,1
1204,4465,2096,0.68,0.32,1
1205,6561,0,1,0,1
1206,6272,289,0.96,0.04,1
1207,3937,2624,0.6,0.4,1
1208,6561,0,1,0,1
1209,6049,512,0.92,0.08,1
1210,784,5777,0.12,0.88,1
1211,768,5793,0.12,0.88,1
1212,5745,544,0.91,0.09,1
1213,3888,768,0.84,0.16,1
1214,6000,289,0.95,0.05,1
1215,6561,0,1,0,1
1216,6561,0,1,0,1
1217,4753,0,1,0,1
1218,544,0,1,0,1
1226,512,0,1,0,1
1227,5521,256,0.96,0.04,1
1228,4481,256,0.95,0.05,1
1229,5793,768,0.88,0.12,1
1230,6049,512,0.92,0.08,1
1231,6561,0,1,0,1
1232,6049,512,0.92,0.08,1
1233,3681,544,0.87,0.13,1
1252,528,0,1,0,1
1253,1824,256,0.88,0.12,1
1254,3136,512,0.86,0.14,1
1255,6049,512,0.92,0.08,1
1256,6561,0,1,0,1
1257,6561,0,1,0,1
1258,6561,0,1,0,1
1259,5521,1040,0.84,0.16,1
1260,4944,1617,0.75,0.25,1
1261,5281,1280,0.8,0.2,1
1262,528,6033,0.08,0.92,1
1263,2080,4481,0.32,0.68,1
1264,6017,544,0.92,0.08,1
1265,6561,0,1,0,1
1266,6561,0,1,0,1
1267,6561,0,1,0,1
1268,3969,0,1,0,1
1269,1617,0,1,0,1
1280,800,0,1,0,1
1282,544,256,0.68,0.32,1
1283,5793,0,1,0,1
1284,6561,0,1,0,1
1285,5217,816,0.86,0.14,1
1286,784,0,1,0,1
1305,528,2336,0.18,0.82,1
1306,4225,2336,0.64,0.36,1
1307,6049,512,0.92,0.08,1
1308,6561,0,1,0,1
1309,5761,800,0.88,0.12,1
1310,5281,1280,0.8,0.2,1
1311,5793,768,0.88,0.12,1
1312,6305,256,0.96,0.04,1
1313,5009,1552,0.76,0.24,1
1314,2929,3632,0.45,0.55,1
1315,5233,1328,0.8,0.2,1
1316,6561,0,1,0,1
1317,6561,0,1,0,1
1318,6561,0,1,0,1
1319,4753,0,1,0,1
1320,1345,0,1,0,1
1337,3201,0,1,0,1
1338,1856,0,1,0,1
1354,2096,256,0.89,0.11,1
1355,272,1280,0.18,0.82,1
1356,2336,512,0.82,0.18,1
1357,2336,768,0.75,0.25,1
1358,6017,272,0.96,0.04,1
1359,5472,1089,0.83,0.17,1
1360,4977,1584,0.76,0.24,1
1361,6561,0,1,0,1
1362,6016,545,0.92,0.08,1
1363,2624,3937,0.4,0.6,1
1364,3169,3392,0.48,0.52,1
1365,0,6561,0,1,1
1366,0,6561,0,1,1
1367,528,6033,0.08,0.92,1
1368,4209,2352,0.64,0.36,1
1369,4753,0,1,0,1
1370,2161,0,1,0,1
1371,272,0,1,0,1
1405,2080,256,0.89,0.11,1
1406,2848,1552,0.65,0.35,1
1407,3169,3392,0.48,0.52,1
1408,5777,784,0.88,0.12,1
1409,6561,0,1,0,1
1410,6033,528,0.92,0.08,1
1411,5777,784,0.88,0.12,1
1412,4704,1857,0.72,0.28,1
1413,6033,528,0.92,0.08,1
1414,6049,512,0.92,0.08,1
1415,6305,256,0.96,0.04,1
1416,3696,2865,0.56,0.44,1
1417,0,6561,0,1,1
1418,0,6561,0,1,1
1419,0,6561,0,1,1
1420,0,3953,0,1,1
1421,0,544,0,1,1
1456,0,256,0,1,1
1457,1568,1536,0.51,0.49,1
1458,2608,3953,0.4,0.6,1
1459,4144,2417,0.63,0.37,1
1460,6561,0,1,0,1
1461,3953,2608,0.6,0.4,1
1462,5009,1552,0.76,0.24,1
1463,6561,0,1,0,1
1464,6561,0,1,0,1
1465,6561,0,1,0,1
1466,6305,256,0.96,0.04,1
1467,5793,768,0.88,0.12,1
1468,6289,272,0.96,0.04,1
1469,2897,3664,0.44,0.56,1
1470,2608,3953,0.4,0.6,1
1471,2592,3969,0.4,0.6,1
1472,5472,1089,0.83,0.17,1
1473,4144,272,0.94,0.06,1
1474,512,0,1,0,1
1508,0,256,0,1,1
1509,1808,1568,0.54,0.46,1
1510,4432,2129,0.68,0.32,1
1511,5537,1024,0.84,0.16,1
1512,6561,0,1,0,1
1513,6561,0,1,0,1
1514,6000,561,0.91,0.09,1
1515,5777,784,0.88,0.12,1
1516,6305,256,0.96,0.04,1
1517,6561,0,1,0,1
1518,6561,0,1,0,1
1519,6561,0,1,0,1
1520,5265,1296,0.8,0.2,1
1521,3697,2864,0.56,0.44,1
1522,3425,1312,0.72,0.28,1
1523,1889,1824,0.51,0.49,1
1524,2417,512,0.83,0.17,1
1525,2913,1056,0.73,0.27,1
1526,3969,0,1,0,1
1527,1857,0,1,0,1
1560,1280,0,1,0,1
1561,4225,2064,0.67,0.33,1
1562,5537,1024,0.84,0.16,1
1563,6305,256,0.96,0.04,1
1564,5473,1088,0.83,0.17,1
1565,6561,0,1,0,1
1566,6305,256,0.96,0.04,1
1567,6033,528,0.92,0.08,1
1568,6000,561,0.91,0.09,1
1569,6561,0,1,0,1
1570,5232,1329,0.8,0.2,1
1571,5009,1552,0.76,0.24,1
1572,1633,4928,0.25,0.75,1
1573,272,4993,0.05,0.95,1
1574,0,544,0,1,1
1609,256,0,1,0,1
1610,256,0,1,0,1
1611,1024,528,0.66,0.34,1
1612,1824,768,0.7,0.3,1
1613,4160,1601,0.72,0.28,1
1614,5233,1328,0.8,0.2,1
1615,6305,256,0.96,0.04,1
1616,5009,1552,0.76,0.24,1
1617,4448,2113,0.68,0.32,1
1618,5249,1312,0.8,0.2,1
1619,6561,0,1,0,1
1620,6561,0,1,0,1
1621,6561,0,1,0,1
1622,6561,0,1,0,1
1623,3697,2864,0.56,0.44,1
1624,0,6305,0,1,1
1625,0,3457,0,1,1
1659,256,0,1,0,1
1663,256,784,0.25,0.75,1
1664,5249,784,0.87,0.13,1
1665,6033,528,0.92,0.08,1
1666,6289,272,0.96,0.04,1
1667,4737,1824,0.72,0.28,1
1668,3152,3409,0.48,0.52,1
1669,5265,1296,0.8,0.2,1
1670,6561,0,1,0,1
1671,6000,561,0.91,0.09,1
1672,6561,0,1,0,1
1673,6561,0,1,0,1
1674,6049,512,0.92,0.08,1
1675,5793,768,0.88,0.12,1
1676,272,6033,0.04,0.96,1
1677,0,1601,0,1,1
1712,784,0,1,0,1
1713,1024,0,1,0,1
1715,2352,0,1,0,1
1716,1792,4225,0.3,0.7,1
1717,4737,1824,0.72,0.28,1
1718,6305,256,0.96,0.04,1
1719,3969,2592,0.6,0.4,1
1720,3473,3088,0.53,0.47,1
1721,2592,3969,0.4,0.6,1
1722,2881,3680,0.44,0.56,1
1723,3697,2864,0.56,0.44,1
1724,5537,1024,0.84,0.16,1
1725,6561,0,1,0,1
1726,6561,0,1,0,1
1727,3152,3409,0.48,0.52,1
1728,1601,4960,0.24,0.76,1
1729,0,3697,0,1,1
1764,256,0,1,0,1
1767,2080,1584,0.57,0.43,1
1768,5777,512,0.92,0.08,1
1769,5472,1089,0.83,0.17,1
1770,6305,256,0.96,0.04,1
1771,2368,4193,0.36,0.64,1
1772,1312,5249,0.2,0.8,1
1773,2336,4225,0.36,0.64,1
1774,3713,2848,0.57,0.43,1
1775,768,5793,0.12,0.88,1
1776,2064,4497,0.31,0.69,1
1777,6561,0,1,0,1
1778,5265,1296,0.8,0.2,1
1779,3953,2608,0.6,0.4,1
1780,784,5777,0.12,0.88,1
1781,0,6561,0,1,1
1782,0,784,0,1,1
1820,2625,2112,0.55,0.45,1
1821,6049,512,0.92,0.08,1
1822,3681,2880,0.56,0.44,1
1823,3697,2864,0.56,0.44,1
1824,272,6289,0.04,0.96,1
1825,3632,2929,0.55,0.45,1
1826,2369,4192,0.36,0.64,1
1827,5472,1089,0.83,0.17,1
1828,3921,2640,0.6,0.4,1
1829,5249,1312,0.8,0.2,1
1830,6049,512,0.92,0.08,1
1831,3648,2913,0.56,0.44,1
1832,4241,2320,0.65,0.35,1
1833,272,6289,0.04,0.96,1
1834,0,4753,0,1,1
1872,1824,1056,0.63,0.37,1
1873,2929,3632,0.45,0.55,1
1874,784,5777,0.12,0.88,1
1875,3697,2864,0.56,0.44,1
1876,4465,2096,0.68,0.32,1
1877,6561,0,1,0,1
1878,5777,784,0.88,0.12,1
1879,5249,1312,0.8,0.2,1
1880,4465,2096,0.68,0.32,1
1881,6561,0,1,0,1
1882,6561,0,1,0,1
1883,6561,0,1,0,1
1884,5777,784,0.88,0.12,1
1885,1056,5505,0.16,0.84,1
1886,512,5793,0.08,0.92,1
1887,0,1056,0,1,1
1913,784,0,1,0,1
1925,256,5009,0.05,0.95,1
1926,1840,4721,0.28,0.72,1
1927,1824,4737,0.28,0.72,1
1928,3136,3425,0.48,0.52,1
1929,5521,1040,0.84,0.16,1
1930,6561,0,1,0,1
1931,6561,0,1,0,1
1932,6561,0,1,0,1
1933,6289,272,0.96,0.04,1
1934,6561,0,1,0,1
1935,6049,512,0.92,0.08,1
1936,6049,512,0.92,0.08,1
1937,800,5505,0.13,0.87,1
1938,0,2929,0,1,1
1939,0,272,0,1,1
1965,0,272,0,1,1
1966,4737,0,1,0,1
1967,6017,0,1,0,1
1968,3376,0,1,0,1
1977,768,784,0.49,0.51,1
1978,4688,1601,0.75,0.25,1
1979,4656,1905,0.71,0.29,1
1980,4928,1633,0.75,0.25,1
1981,3904,2657,0.6,0.4,1
1982,6017,544,0.92,0.08,1
1983,6561,0,1,0,1
1984,6561,0,1,0,1
1985,6561,0,1,0,1
1986,5265,1296,0.8,0.2,1
1987,3457,2848,0.55,0.45,1
1988,3201,2592,0.55,0.45,1
1989,800,2913,0.22,0.78,1
1990,800,0,1,0,1
2016,256,256,0.5,0.5,1
2017,784,1808,0.3,0.7,1
2018,3120,768,0.8,0.2,1
2019,3120,1280,0.71,0.29,1
2020,6561,0,1,0,1
2021,6561,0,1,0,1
2022,3632,0,1,0,1
2027,512,0,1,0,1
2028,3888,0,1,0,1
2029,4960,512,0.91,0.09,1
2030,6289,272,0.96,0.04,1
2031,6561,0,1,0,1
2032,6561,0,1,0,1
2033,6561,0,1,0,1
2034,6561,0,1,0,1
2035,6033,528,0.92,0.08,1
2036,6561,0,1,0,1
2037,6049,512,0.92,0.08,1
2038,3713,2848,0.57,0.43,1
2039,1552,5009,0.24,0.76,1
2040,2096,3185,0.4,0.6,1
2041,0,800,0,1,1
2069,2096,2096,0.5,0.5,1
2070,5265,1296,0.8,0.2,1
2071,3969,2592,0.6,0.4,1
2072,2161,4400,0.33,0.67,1
2073,4737,1824,0.72,0.28,1
2074,6561,0,1,0,1
2075,6561,0,1,0,1
2076,4672,0,1,0,1
2077,2320,0,1,0,1
2078,2592,0,1,0,1
2079,4400,0,1,0,1
2080,6289,0,1,0,1
2081,6561,0,1,0,1
2082,6561,0,1,0,1
2083,6561,0,1,0,1
2084,6561,0,1,0,1
2085,6561,0,1,0,1
2086,6561,0,1,0,1
2087,5009,1552,0.76,0.24,1
2088,4737,1824,0.72,0.28,1
2089,3457,3104,0.53,0.47,1
2090,800,5761,0.12,0.88,1
2091,0,6561,0,1,1
2092,0,6561,0,1,1
2093,0,1824,0,1,1
2122,2913,1072,0.73,0.27,1
2123,6305,256,0.96,0.04,1
2124,2096,4465,0.32,0.68,1
2125,512,6049,0.08,0.92,1
2126,1824,4737,0.28,0.72,1
2127,6049,512,0.92,0.08,1
2128,6561,0,1,0,1
2129,6289,272,0.96,0.04,1
2130,6305,256,0.96,0.04,1
2131,6561,0,1,0,1
2132,6561,0,1,0,1
2133,6561,0,1,0,1
2134,6561,0,1,0,1
2135,6561,0,1,0,1
2136,5009,1552,0.76,0.24,1
2137,4497,2064,0.69,0.31,1
2138,3713,2848,0.57,0.43,1
2139,1328,5233,0.2,0.8,1
2140,0,6561,0,1,1
2141,0,6561,0,1,1
2142,0,6561,0,1,1
2143,0,6561,0,1,1
2144,0,6561,0,1,1
2145,0,6561,0,1,1
2146,0,784,0,1,1
2174,512,256,0.67,0.33,1
2175,1808,2080,0.47,0.53,1
2176,5521,1040,0.84,0.16,1
2177,1568,4993,0.24,0.76,1
2178,256,6305,0.04,0.96,1
2179,5249,1312,0.8,0.2,1
2180,5760,801,0.88,0.12,1
2181,5265,1296,0.8,0.2,1
2182,2624,3937,0.4,0.6,1
2183,2401,4160,0.37,0.63,1
2184,6561,0,1,0,1
2185,6561,0,1,0,1
2186,6561,0,1,0,1
2187,6561,0,1,0,1
2188,5537,1024,0.84,0.16,1
2189,2929,3632,0.45,0.55,1
2190,272,6289,0.04,0.96,1
2191,0,6561,0,1,1
2192,0,6561,0,1,1
2193,0,6561,0,1,1
2194,0,6561,0,1,1
2195,0,6561,0,1,1
2196,0,6561,0,1,1
2197,0,6561,0,1,1
2198,0,6561,0,1,1
2199,0,3120,0,1,1
2227,2352,1296,0.64,0.36,1
2228,4449,1856,0.71,0.29,1
2229,2592,3969,0.4,0.6,1
2230,3425,3136,0.52,0.48,1
2231,256,6305,0.04,0.96,1
2232,6305,256,0.96,0.04,1
2233,6561,0,1,0,1
2234,6305,256,0.96,0.04,1
2235,3152,3409,0.48,0.52,1
2236,784,5777,0.12,0.88,1
2237,544,6017,0.08,0.92,1
2238,2945,3616,0.45,0.55,1
2239,1601,4960,0.24,0.76,1
2240,0,6561,0,1,1
2241,0,6561,0,1,1
2242,0,6561,0,1,1
2243,0,6561,0,1,1
2244,0,6561,0,1,1
2245,0,6561,0,1,1
2246,0,6561,0,1,1
2247,0,6561,0,1,1
2248,0,6561,0,1,1
2249,0,6561,0,1,1
2250,0,6561,0,1,1
2251,0,6561,0,1,1
2252,0,2129,0,1,1
2281,0,833,0,1,1
2282,4497,784,0.85,0.15,1
2283,5793,768,0.88,0.12,1
2284,2352,4209,0.36,0.64,1
2285,1056,5505,0.16,0.84,1
2286,0,6561,0,1,1
2287,0,6561,0,1,1
2288,0,6561,0,1,1
2289,0,6561,0,1,1
2290,0,6561,0,1,1
2291,0,6561,0,1,1
2292,0,6561,0,1,1
2293,0,6561,0,1,1
2294,0,6561,0,1,1
2295,0,6561,0,1,1
2296,0,6561,0,1,1
2297,0,6561,0,1,1
2298,0,6561,0,1,1
2299,0,6561,0,1,1
2300,0,6561,0,1,1
2301,0,6561,0,1,1
2302,1312,5249,0.2,0.8,1
2303,0,6561,0,1,1
2304,0,3953,0,1,1
2305,0,528,0,1,1
2334,1536,0,1,0,1
2335,3920,1841,0.68,0.32,1
2336,5777,784,0.88,0.12,1
2337,6289,272,0.96,0.04,1
2338,3360,3201,0.51,0.49,1
2339,2576,3985,0.39,0.61,1
2340,4160,2401,0.63,0.37,1
2341,1792,4769,0.27,0.73,1
2342,0,6561,0,1,1
2343,0,6561,0,1,1
2344,0,6561,0,1,1
2345,272,6289,0.04,0.96,1
2346,0,6561,0,1,1
2347,0,6561,0,1,1
2348,2080,4481,0.32,0.68,1
2349,4193,2368,0.64,0.36,1
2350,1024,5537,0.16,0.84,1
2351,1280,5281,0.2,0.8,1
2352,4144,2417,0.63,0.37,1
2353,3648,2913,0.56,0.44,1
2354,1312,5249,0.2,0.8,1
2355,0,6561,0,1,1
2356,0,6561,0,1,1
2357,0,6289,0,1,1
2358,0,3616,0,1,1
2359,0,2592,0,1,1
2360,0,1552,0,1,1
2364,512,0,1,0,1
2365,256,0,1,0,1
2386,512,256,0.67,0.33,1
2387,4944,784,0.86,0.14,1
2388,6561,0,1,0,1
2389,6289,272,0.96,0.04,1
2390,6561,0,1,0,1
2391,6561,0,1,0,1
2392,6561,0,1,0,1
2393,5537,1024,0.84,0.16,1
2394,1856,4705,0.28,0.72,1
2395,1552,5009,0.24,0.76,1
2396,2336,4225,0.36,0.64,1
2397,3648,2913,0.56,0.44,1
2398,4945,1616,0.75,0.25,1
2399,4416,2145,0.67,0.33,1
2400,5184,1377,0.79,0.21,1
2401,4944,1617,0.75,0.25,1
2402,6561,0,1,0,1
2403,6289,272,0.96,0.04,1
2404,5521,1040,0.84,0.16,1
2405,6561,0,1,0,1
2406,6561,0,1,0,1
2407,3376,3185,0.51,0.49,1
2408,2336,4225,0.36,0.64,1
2409,1040,5521,0.16,0.84,1
2410,784,5777,0.12,0.88,1
2411,0,6561,0,1,1
2412,0,6561,0,1,1
2413,0,6561,0,1,1
2414,0,6033,0,1,1
2415,0,2592,0,1,1
2416,784,2592,0.23,0.77,1
2417,2096,0,1,0,1
2418,544,0,1,0,1
2440,272,528,0.34,0.66,1
2441,816,0,1,0,1
2442,2145,0,1,0,1
2443,3457,0,1,0,1
2444,2401,784,0.75,0.25,1
2445,6305,0,1,0,1
2446,6289,272,0.96,0.04,1
2447,4944,1617,0.75,0.25,1
2448,4481,1312,0.77,0.23,1
2449,2064,528,0.8,0.2,1
2450,5265,1296,0.8,0.2,1
2451,6561,0,1,0,1
2452,6561,0,1,0,1
2453,6561,0,1,0,1
2454,6561,0,1,0,1
2455,6561,0,1,0,1
2456,6561,0,1,0,1
2457,6289,272,0.96,0.04,1
2458,5521,1040,0.84,0.16,1
2459,6289,272,0.96,0.04,1
2460,6561,0,1,0,1
2461,6305,256,0.96,0.04,1
2462,4737,1824,0.72,0.28,1
2463,4144,2417,0.63,0.37,1
2464,2592,3969,0.4,0.6,1
2465,256,6305,0.04,0.96,1
2466,0,6561,0,1,1
2467,0,6561,0,1,1
2468,256,6305,0.04,0.96,1
2469,1584,3681,0.3,0.7,1
2470,256,0,1,0,1
2498,2641,0,1,0,1
2499,6561,0,1,0,1
2500,3457,0,1,0,1
2501,833,272,0.75,0.25,1
2503,3953,528,0.88,0.12,1
2504,5505,1056,0.84,0.16,1
2505,5793,768,0.88,0.12,1
2506,6561,0,1,0,1
2507,4705,544,0.9,0.1,1
2508,6561,0,1,0,1
2509,3936,2625,0.6,0.4,1
2510,6561,0,1,0,1
2511,5777,784,0.88,0.12,1
2512,6049,512,0.92,0.08,1
2513,6561,0,1,0,1
2514,6561,0,1,0,1
2515,6561,0,1,0,1
2516,4144,2417,0.63,0.37,1
2517,3920,2641,0.6,0.4,1
2518,5761,800,0.88,0.12,1
2519,3104,3457,0.47,0.53,1
2520,3616,2945,0.55,0.45,1
2521,6289,272,0.96,0.04,1
2522,3953,0,1,0,1
2523,512,0,1,0,1
2552,3457,0,1,0,1
2553,768,0,1,0,1
2556,1296,0,1,0,1
2557,3969,272,0.94,0.06,1
2558,272,0,1,0,1
2559,1377,528,0.72,0.28,1
2560,3681,0,1,0,1
2561,6561,0,1,0,1
2562,3969,2592,0.6,0.4,1
2563,6049,512,0.92,0.08,1
2564,6033,528,0.92,0.08,1
2565,5504,1057,0.84,0.16,1
2566,6561,0,1,0,1
2567,6561,0,1,0,1
2568,6561,0,1,0,1
2569,6561,0,1,0,1
2570,6561,0,1,0,1
2571,6561,0,1,0,1
2572,6561,0,1,0,1
2573,6561,0,1,0,1
2574,6561,0,1,0,1
2575,4416,0,1,0,1
2576,1024,0,1,0,1
2613,1889,0,1,0,1
2614,1889,0,1,0,1
2615,5761,544,0.91,0.09,1
2616,6561,0,1,0,1
2617,6561,0,1,0,1
2618,6049,512,0.92,0.08,1
2619,6561,0,1,0,1
2620,6561,0,1,0,1
2621,6561,0,1,0,1
2622,6561,0,1,0,1
2623,6049,0,1,0,1
2624,4225,0,1,0,1
2625,3185,0,1,0,1
2626,2673,0,1,0,1
2627,1377,0,1,0,1
2628,1105,0,1,0,1
2668,3185,0,1,0,1
2669,1105,512,0.68,0.32,1
2670,1856,289,0.87,0.13,1
2671,6049,256,0.96,0.04,1
2672,6561,0,1,0,1
2673,6561,0,1,0,1
2674,6561,0,1,0,1
2675,5009,784,0.86,0.14,1
2676,800,256,0.76,0.24,1
2725,561,0,1,0,1
2726,833,0,1,0,1
2727,1361,256,0.84,0.16,1
2728,1840,0,1,0,1